City_ID,City,Lat,Lng,Max Temp,Humidity,Cloudiness,Wind Speed,Country,Date
0,Veraval,20.9,70.3667,74.08,53,26,14.18,IN,2022-03-06 19:30:41
1,Hermanus,-34.4187,19.2345,69.8,92,32,4.83,ZA,2022-03-06 19:30:41
2,Avarua,-21.2078,-159.775,80.65,83,75,11.5,CK,2022-03-06 19:30:42
3,Vanimo,-2.6741,141.3028,76.68,88,65,2.75,PG,2022-03-06 19:30:42
4,San Patricio,28.017,-97.5169,84.61,60,98,21.54,US,2022-03-06 19:30:42
5,Cherskiy,68.75,161.3,-34.76,100,33,1.66,RU,2022-03-06 19:30:43
6,Tasiilaq,65.6145,-37.6368,26.76,91,97,9.62,GL,2022-03-06 19:30:43
7,Vila Franca Do Campo,37.7167,-25.4333,64.2,89,98,10.4,PT,2022-03-06 19:30:44
8,Barrow,71.2906,-156.7887,5.02,72,100,13.8,US,2022-03-06 19:30:44
9,Busselton,-33.65,115.3333,66.04,85,2,14.12,AU,2022-03-06 19:30:44
10,Hualmay,-11.0964,-77.6139,75.87,73,70,8.19,PE,2022-03-06 19:30:45
11,Luderitz,-26.6481,15.1594,68.65,87,16,12.28,NA,2022-03-06 19:30:46
12,Arraial Do Cabo,-22.9661,-42.0278,85.96,65,0,24.16,BR,2022-03-06 19:30:46
13,Cape Town,-33.9258,18.4232,72.01,79,75,17.27,ZA,2022-03-06 19:30:46
14,Bengkulu,-3.8004,102.2655,76.06,85,99,4.23,ID,2022-03-06 19:30:47
15,Boguchany,58.3814,97.4531,16.36,97,100,1.92,RU,2022-03-06 19:30:47
16,Altay,47.8667,88.1167,30.33,62,100,6.53,CN,2022-03-06 19:30:48
17,Harwich,51.9419,1.2844,43.21,74,65,11.01,GB,2022-03-06 19:27:52
18,Vaini,-21.2,-175.2,77.16,94,75,5.75,TO,2022-03-06 19:30:48
19,Santa Cruz,-17.8,-63.1667,93.25,52,40,14.97,BO,2022-03-06 19:30:03
20,Zemio,5.0314,25.1361,78.06,24,27,0.38,CF,2022-03-06 19:30:49
21,Rikitea,-23.1203,-134.9692,79.12,77,100,18.61,PF,2022-03-06 19:26:48
22,Vokhtoga,58.8147,41.0461,21.09,98,100,2.44,RU,2022-03-06 19:30:50
23,Punta Arenas,-53.15,-70.9167,50.11,53,75,9.22,CL,2022-03-06 19:25:57
24,Mahebourg,-20.4081,57.7,80.89,83,75,14.97,MU,2022-03-06 19:30:50
25,Broome,42.2506,-75.833,72.18,52,0,17.27,US,2022-03-06 19:30:51
26,Nikolskoye,59.7035,30.7861,30.7,98,83,4.09,RU,2022-03-06 19:30:51
27,Bilma,18.6853,12.9164,86.07,10,17,7.36,NE,2022-03-06 19:30:51
28,Tuatapere,-46.1333,167.6833,48.81,90,100,4.43,NZ,2022-03-06 19:30:52
29,Deputatskiy,69.3,139.9,-28.46,100,95,1.34,RU,2022-03-06 19:30:52
30,Saskylakh,71.9167,114.0833,-13.16,100,98,1.59,RU,2022-03-06 19:30:53
31,Ushuaia,-54.8,-68.3,42.46,81,75,4.61,AR,2022-03-06 19:30:54
32,Chokurdakh,70.6333,147.9167,-27.9,100,82,2.62,RU,2022-03-06 19:30:54
33,Andenes,69.3143,16.1194,33.37,100,45,5.75,NO,2022-03-06 19:30:54
34,Port Alfred,-33.5906,26.891,77.04,75,100,11.68,ZA,2022-03-06 19:30:55
35,Hobart,-42.8794,147.3294,50.05,77,75,8.05,AU,2022-03-06 19:30:11
36,Pobe,6.9801,2.6649,80.71,73,100,7.31,BJ,2022-03-06 19:30:55
37,Imamoglu,37.2651,35.6572,51.03,88,33,5.82,TR,2022-03-06 19:30:56
38,Cidreira,-30.1811,-50.2056,77.0,92,100,7.25,BR,2022-03-06 19:30:56
39,Port Blair,11.6667,92.75,77.04,83,40,2.3,IN,2022-03-06 19:30:56
40,Soloneshnoye,51.6544,84.3197,31.21,81,37,7.09,RU,2022-03-06 19:30:57
41,Sorong,-0.8833,131.25,79.29,82,100,5.93,ID,2022-03-06 19:30:58
42,Juneau,58.3019,-134.4197,41.05,95,75,10.36,US,2022-03-06 19:30:58
43,Batagay-Alyta,67.8006,130.4114,-30.46,92,45,5.46,RU,2022-03-06 19:30:59
44,Lebu,-37.6167,-73.65,60.69,84,52,10.74,CL,2022-03-06 19:30:59
45,Owensboro,37.7742,-87.1133,69.85,94,100,12.66,US,2022-03-06 19:27:19
46,Mataura,-46.1927,168.8643,48.47,97,100,3.42,NZ,2022-03-06 19:31:59
47,Nouadhibou,20.931,-17.0347,67.98,73,0,20.71,MR,2022-03-06 19:32:00
48,Albany,42.6001,-73.9662,64.15,63,70,14.7,US,2022-03-06 19:28:49
49,Isangel,-19.55,169.2667,79.09,77,5,2.08,VU,2022-03-06 19:32:01
50,Klaksvik,62.2266,-6.589,45.52,91,100,32.21,FO,2022-03-06 19:32:01
51,Kapaa,22.0752,-159.319,76.12,78,20,5.75,US,2022-03-06 19:32:01
52,San Quintin,30.4833,-115.95,59.58,53,1,18.19,MX,2022-03-06 19:32:02
53,Waingapu,-9.6567,120.2641,78.22,86,89,3.76,ID,2022-03-06 19:32:02
54,Ribeira Grande,38.5167,-28.7,63.0,88,75,21.85,PT,2022-03-06 19:32:03
55,Pizarro,4.9533,-77.366,79.48,80,97,4.14,CO,2022-03-06 19:32:03
56,Palmas Bellas,9.2319,-80.0867,90.0,69,50,10.42,PA,2022-03-06 19:32:03
57,Flinders,-34.5833,150.8552,74.21,95,99,7.0,AU,2022-03-06 19:32:04
58,East Chicago,41.6392,-87.4548,45.39,73,40,13.8,US,2022-03-06 19:32:04
59,Kilindoni,-7.9139,39.6668,81.05,75,53,11.45,TZ,2022-03-06 19:32:05
60,Yellowknife,62.456,-114.3525,16.41,97,75,13.8,CA,2022-03-06 19:30:24
61,Ponta Do Sol,32.6667,-17.1,64.0,73,7,4.07,PT,2022-03-06 19:32:05
62,Sorland,67.667,12.6934,37.26,68,98,12.88,NO,2022-03-06 19:32:06
63,Atuona,-9.8,-139.0333,78.24,75,97,10.6,PF,2022-03-06 19:32:06
64,Constitucion,-35.3333,-72.4167,64.31,67,7,11.05,CL,2022-03-06 19:32:06
65,Taft,31.7471,54.2088,53.55,18,20,6.91,IR,2022-03-06 19:32:07
66,Chimbote,-9.0853,-78.5783,77.32,67,78,9.89,PE,2022-03-06 19:32:07
67,Pathein,16.7833,94.7333,72.5,74,9,6.85,MM,2022-03-06 19:32:08
68,Mwingi,-0.9344,38.0601,71.13,52,0,1.97,KE,2022-03-06 19:32:08
69,Tecoanapa,16.5167,-98.75,86.27,48,0,11.54,MX,2022-03-06 19:32:08
70,Qurayyat,31.3318,37.3428,68.18,22,40,11.5,SA,2022-03-06 19:32:09
71,Fairbanks,64.8378,-147.7164,26.94,76,100,11.5,US,2022-03-06 19:29:05
72,Antofagasta,-23.65,-70.4,70.88,76,22,8.99,CL,2022-03-06 19:30:20
73,Bluff,-46.6,168.3333,48.79,70,100,15.01,NZ,2022-03-06 19:32:10
74,Boueni,-12.9025,45.0761,82.38,77,60,9.26,YT,2022-03-06 19:32:10
75,Pevek,69.7008,170.3133,-28.71,99,23,3.38,RU,2022-03-06 19:32:10
76,Sept-Iles,50.2001,-66.3821,22.05,79,100,12.66,CA,2022-03-06 19:32:11
77,Biak,-0.9131,122.8766,76.53,85,89,4.72,ID,2022-03-06 19:32:12
78,Humaita,-7.5061,-63.0208,78.71,82,100,3.78,BR,2022-03-06 19:32:12
79,Korla,41.7597,86.1469,43.88,34,97,5.28,CN,2022-03-06 19:32:12
80,Longyearbyen,78.2186,15.6401,22.84,74,0,10.36,SJ,2022-03-06 19:32:13
81,Kenai,60.5544,-151.2583,26.02,97,0,3.44,US,2022-03-06 19:32:13
82,Mar Del Plata,-38.0023,-57.5575,68.02,86,40,12.66,AR,2022-03-06 19:29:10
83,Lieksa,63.3167,30.0167,20.28,92,98,6.96,FI,2022-03-06 19:32:14
84,Tuktoyaktuk,69.4541,-133.0374,1.4,85,40,9.22,CA,2022-03-06 19:32:14
85,Moussoro,13.6408,16.4901,93.67,12,46,10.25,TD,2022-03-06 19:32:15
86,Hilo,19.7297,-155.09,76.73,72,75,4.61,US,2022-03-06 19:31:38
87,Carnarvon,-24.8667,113.6333,75.27,73,0,6.91,AU,2022-03-06 19:32:15
88,Srednekolymsk,67.45,153.6833,-33.43,100,89,5.26,RU,2022-03-06 19:32:16
89,Butaritari,3.0707,172.7902,81.46,77,30,18.28,KI,2022-03-06 19:33:16
90,Tamboril,19.4854,-70.611,81.7,78,40,9.22,DO,2022-03-06 19:33:16
91,Novikovo,51.1537,37.8879,13.05,96,37,5.91,RU,2022-03-06 19:33:17
92,Birjand,32.8663,59.2211,48.67,21,75,6.91,IR,2022-03-06 19:33:17
93,Faanui,-16.4833,-151.75,81.88,72,87,12.97,PF,2022-03-06 19:33:18
94,Mount Gambier,-37.8333,140.7667,53.51,94,75,8.05,AU,2022-03-06 19:33:18
95,Qui Nhon,13.7667,109.2333,73.04,92,98,5.23,VN,2022-03-06 19:33:18
96,Evensk,61.95,159.2333,-1.89,79,91,10.83,RU,2022-03-06 19:33:19
97,Bethel,41.3712,-73.414,65.32,84,100,16.11,US,2022-03-06 19:33:19
98,Jamestown,42.097,-79.2353,70.3,52,75,24.16,US,2022-03-06 19:32:18
99,Khatanga,71.9667,102.5,-14.58,98,100,3.8,RU,2022-03-06 19:33:20
100,Totskoye,52.5248,52.7623,-0.72,99,76,5.91,RU,2022-03-06 19:33:20
101,Lasa,46.6166,10.7002,36.48,92,93,3.53,IT,2022-03-06 19:33:21
102,Karratha,-20.7377,116.8463,83.17,67,1,12.95,AU,2022-03-06 19:33:21
103,Ketchikan,55.3422,-131.6461,43.27,87,75,11.5,US,2022-03-06 19:33:10
104,Santa Marta,11.2408,-74.199,98.35,56,20,8.01,CO,2022-03-06 19:30:12
105,Kribi,2.95,9.9167,80.58,78,100,5.84,CM,2022-03-06 19:33:22
106,Mindelo,16.8901,-24.9804,71.15,64,20,32.21,CV,2022-03-06 19:33:22
107,Hasaki,35.7333,140.8333,37.8,41,0,18.79,JP,2022-03-06 19:33:23
108,Kavieng,-2.5744,150.7967,77.79,88,100,6.38,PG,2022-03-06 19:33:23
109,Karpathos,35.507,27.2132,57.16,88,99,6.91,GR,2022-03-06 19:33:24
110,Nanortalik,60.1432,-45.2371,23.45,89,100,11.1,GL,2022-03-06 19:33:24
111,Puerto Ayora,-0.7393,-90.3518,84.16,75,79,3.42,EC,2022-03-06 19:33:24
112,Lagoa,39.05,-27.9833,62.06,82,100,29.62,PT,2022-03-06 19:33:25
113,Coquimbo,-29.9533,-71.3436,69.53,52,0,13.8,CL,2022-03-06 19:30:20
114,Umm Bab,25.2142,50.8072,69.48,42,96,3.74,QA,2022-03-06 19:33:25
115,Chuy,-33.6971,-53.4616,74.34,78,100,8.39,UY,2022-03-06 19:33:26
116,Mount Vernon,40.9126,-73.8371,68.09,80,75,18.99,US,2022-03-06 19:33:26
117,Goma,-1.6792,29.2228,64.35,76,38,3.76,CD,2022-03-06 19:33:26
118,Saldanha,-33.0117,17.9442,68.05,95,1,18.99,ZA,2022-03-06 19:33:27
119,Cururupu,-1.8283,-44.8683,74.26,97,100,6.13,BR,2022-03-06 19:33:27
120,Zempoala,19.45,-96.4167,84.9,51,1,8.63,MX,2022-03-06 19:29:25
121,Touros,-5.1989,-35.4608,81.5,71,90,16.44,BR,2022-03-06 19:33:28
122,Victoria,22.2855,114.1577,68.09,83,100,11.01,HK,2022-03-06 19:30:05
123,Greenwood,34.1668,-82.1165,80.11,52,40,14.97,US,2022-03-06 19:33:28
124,Port Hedland,-20.3167,118.5667,80.65,89,15,3.44,AU,2022-03-06 19:33:29
125,Te Anau,-45.4167,167.7167,49.75,97,100,3.71,NZ,2022-03-06 19:33:29
126,Katsuura,35.1333,140.3,42.91,47,0,19.73,JP,2022-03-06 19:33:30
127,Provideniya,64.3833,-173.3,8.24,92,100,17.96,RU,2022-03-06 19:33:30
128,Saint-Louis,16.3333,-15.0,85.64,14,1,9.78,SN,2022-03-06 19:33:30
129,Twentynine Palms,34.1356,-116.0542,59.29,26,0,3.4,US,2022-03-06 19:30:28
130,Hithadhoo,-0.6,73.0833,82.58,70,18,10.27,MV,2022-03-06 19:33:31
131,Souillac,-20.5167,57.5167,80.98,83,75,14.97,MU,2022-03-06 19:33:32
132,Flin Flon,54.7682,-101.865,26.44,54,75,10.36,CA,2022-03-06 19:29:24
133,Koygorodok,60.445,50.9968,-12.05,100,98,2.57,RU,2022-03-06 19:33:32
134,Buluang,13.3068,123.3425,75.04,90,100,3.91,PH,2022-03-06 19:34:33
135,Geraldton,-28.7667,114.6,68.41,64,45,8.05,AU,2022-03-06 19:31:14
136,Bredasdorp,-34.5322,20.0403,69.28,88,0,3.44,ZA,2022-03-06 19:34:33
137,Ganzhou,28.8184,115.4327,50.43,90,96,3.58,CN,2022-03-06 19:34:34
138,Lanzhou,36.0564,103.7922,25.88,34,0,4.63,CN,2022-03-06 19:31:45
139,Namibe,-15.1961,12.1522,72.72,67,77,9.22,AO,2022-03-06 19:34:34
140,Ola,59.5833,151.2833,-7.64,87,65,9.04,RU,2022-03-06 19:34:34
141,Pochutla,15.7432,-96.4661,91.81,39,3,10.67,MX,2022-03-06 19:31:59
142,Tiksi,71.6872,128.8694,-23.51,97,45,1.52,RU,2022-03-06 19:34:35
143,Leshukonskoye,64.8989,45.7622,-9.65,99,57,3.51,RU,2022-03-06 19:34:35
144,Thompson,55.7435,-97.8558,19.56,73,100,8.05,CA,2022-03-06 19:34:36
145,Tres Arroyos,-38.3739,-60.2798,83.37,20,100,2.51,AR,2022-03-06 19:31:04
146,Guaymas,27.9333,-110.9,71.46,30,0,17.27,MX,2022-03-06 19:34:36
147,Limanowa,49.7059,20.422,30.15,73,98,2.28,PL,2022-03-06 19:34:37
148,Salamiyah,35.0113,37.0532,46.58,80,97,19.62,SY,2022-03-06 19:34:37
149,Pangody,65.85,74.4859,-33.09,100,81,7.61,RU,2022-03-06 19:34:37
150,Samarai,-10.6167,150.6667,81.37,81,100,4.32,PG,2022-03-06 19:34:38
151,Kodiak,57.79,-152.4072,38.71,41,0,10.36,US,2022-03-06 19:34:38
152,Fort Nelson,58.8053,-122.7002,31.59,64,20,6.91,CA,2022-03-06 19:30:24
153,Kloulklubed,7.0419,134.2556,77.5,76,100,13.8,PW,2022-03-06 19:34:39
154,Rio Gallegos,-51.6226,-69.2181,57.25,33,40,8.05,AR,2022-03-06 19:34:39
155,Nouakchott,18.0858,-15.9785,66.13,70,1,15.46,MR,2022-03-06 19:34:40
156,Wasilla,61.5814,-149.4394,32.92,87,0,10.36,US,2022-03-06 19:34:08
157,Kaitangata,-46.2817,169.8464,49.8,84,100,5.91,NZ,2022-03-06 19:34:40
158,Mombetsu,44.3525,143.3525,27.86,83,100,20.02,JP,2022-03-06 19:34:41
159,East London,-33.0153,27.9116,77.31,73,100,9.53,ZA,2022-03-06 19:34:41
160,Port Augusta,-32.5,137.7667,64.54,63,100,12.84,AU,2022-03-06 19:30:09
161,Iqaluit,63.7506,-68.5145,2.93,72,75,4.61,CA,2022-03-06 19:34:42
162,New Norfolk,-42.7826,147.0587,49.5,64,66,2.64,AU,2022-03-06 19:34:42
163,Severo-Kurilsk,50.6789,156.125,26.82,82,100,22.37,RU,2022-03-06 19:34:42
164,Grindavik,63.8424,-22.4338,36.07,64,75,27.63,IS,2022-03-06 19:34:43
165,Lichinga,-13.3128,35.2406,61.83,97,19,4.45,MZ,2022-03-06 19:34:43
166,Meulaboh,4.1363,96.1285,75.79,86,96,4.52,ID,2022-03-06 19:34:43
167,Tomigusuku,26.185,127.675,62.37,66,100,9.22,JP,2022-03-06 19:34:44
168,Asfi,32.2994,-9.2372,57.83,66,3,11.88,MA,2022-03-06 19:34:44
169,Katobu,-4.9408,122.5276,75.15,94,100,3.31,ID,2022-03-06 19:34:45
170,Salalah,17.0151,54.0924,75.29,73,0,2.3,OM,2022-03-06 19:34:45
171,Madimba,-10.4,40.3333,78.35,85,51,3.74,TZ,2022-03-06 19:34:45
172,Huilong,31.8111,121.655,44.98,86,100,3.04,CN,2022-03-06 19:34:46
173,Torbay,47.6666,-52.7314,28.58,50,75,13.8,CA,2022-03-06 19:34:46
174,Ouadda,8.0777,22.4007,78.31,16,20,5.59,CF,2022-03-06 19:34:47
175,Rantepao,-2.9701,119.8978,67.41,97,100,2.42,ID,2022-03-06 19:34:47
176,Fortuna,40.5982,-124.1573,56.43,70,20,10.36,US,2022-03-06 19:34:47
177,Itarema,-2.9248,-39.9167,82.0,72,82,13.13,BR,2022-03-06 19:34:48
178,Huautla,21.0333,-98.2833,84.27,48,0,4.43,MX,2022-03-06 19:34:48
179,Abu Samrah,35.3029,37.1841,46.63,83,99,19.64,SY,2022-03-06 19:34:49
180,Margate,51.3813,1.3862,42.91,66,23,7.0,GB,2022-03-06 19:30:43
181,Hambantota,6.1241,81.1185,77.14,86,100,6.46,LK,2022-03-06 19:34:49
182,Chandler,33.3062,-111.8412,61.18,32,0,9.22,US,2022-03-06 19:30:24
183,Los Llanos De Aridane,28.6585,-17.9182,61.12,82,20,23.02,ES,2022-03-06 19:35:50
184,Pundaguitan,6.3711,126.1689,80.6,79,100,3.69,PH,2022-03-06 19:35:50
185,Cockburn Town,21.4612,-71.1419,80.56,65,40,20.71,TC,2022-03-06 19:35:51
186,Sanchez,19.2281,-69.6137,80.62,83,75,4.61,DO,2022-03-06 19:35:51
187,Kholodnyy,62.7167,147.95,-27.44,100,92,3.27,RU,2022-03-06 19:35:51
188,La Fria,8.2203,-72.2439,77.11,80,100,3.15,VE,2022-03-06 19:35:52
189,Kavaratti,10.5669,72.642,82.35,66,100,6.62,IN,2022-03-06 19:35:52
190,Manono,-7.3,27.4167,68.38,96,86,2.51,CD,2022-03-06 19:35:53
191,Alofi,-19.0595,-169.9187,82.29,83,100,4.61,NU,2022-03-06 19:35:53
192,Antalaha,-14.9003,50.2788,75.43,89,100,6.87,MG,2022-03-06 19:35:53
193,Ekhabi,53.5102,142.9671,6.1,97,100,7.61,RU,2022-03-06 19:35:54
194,Remedios,22.4947,-79.5458,81.52,72,33,20.78,CU,2022-03-06 19:35:54
195,Calbuco,-41.768,-73.1273,61.81,89,100,17.47,CL,2022-03-06 19:35:55
196,Paracuru,-3.41,-39.0306,82.42,76,100,9.33,BR,2022-03-06 19:35:55
197,Taybad,34.74,60.7756,55.96,35,78,5.84,IR,2022-03-06 19:35:55
198,Komsomolskiy,40.4272,71.7189,52.52,58,75,4.61,UZ,2022-03-06 19:35:56
199,Bubaque,11.2833,-15.8333,75.78,70,91,18.95,GW,2022-03-06 19:35:56
200,Georgetown,5.4112,100.3354,76.95,99,20,2.3,MY,2022-03-06 19:34:04
201,Vandra,58.6481,25.0361,31.66,94,57,7.63,EE,2022-03-06 19:35:57
202,Yumen,40.2833,97.2,36.09,39,63,8.21,CN,2022-03-06 19:35:57
203,Dovers,12.8833,-61.1833,80.19,72,5,20.04,VC,2022-03-06 19:35:58
204,Skibbereen,51.55,-9.2667,44.11,72,59,12.53,IE,2022-03-06 19:35:58
205,Turukhansk,65.8167,87.9833,-22.59,96,15,6.38,RU,2022-03-06 19:35:58
206,Khani,41.9563,42.9566,26.17,81,43,5.01,GE,2022-03-06 19:35:59
207,Husavik,66.0449,-17.3389,31.91,78,11,16.87,IS,2022-03-06 19:35:59
208,Talavera De La Reina,39.9635,-4.8308,43.75,71,53,3.85,ES,2022-03-06 19:36:00
209,Jiayuguan,39.8167,98.3,35.82,31,93,0.65,CN,2022-03-06 19:36:00
210,Edgewater,28.9889,-80.9023,89.26,57,40,20.71,US,2022-03-06 19:35:44
211,Kawalu,-7.3817,108.2082,72.82,97,99,1.34,ID,2022-03-06 19:36:01
212,Pittsburg,38.028,-121.8847,62.06,47,0,3.0,US,2022-03-06 19:31:25
213,Harrogate,53.9908,-1.5373,40.75,76,20,6.91,GB,2022-03-06 19:36:01
214,Norman Wells,65.282,-126.8329,21.24,68,100,10.36,CA,2022-03-06 19:36:02
215,Airai,-8.9266,125.4092,59.52,87,100,1.92,TL,2022-03-06 19:36:02
216,Itauna,-20.0753,-44.5764,87.01,73,100,2.68,BR,2022-03-06 19:36:03
217,Inhambane,-23.865,35.3833,76.98,88,40,0.0,MZ,2022-03-06 19:36:03
218,Florence,43.7667,11.25,41.34,58,20,7.0,IT,2022-03-06 19:36:04
219,Asau,46.4333,26.4,31.28,94,98,0.87,RO,2022-03-06 19:36:04
220,Smithers,54.7804,-127.1743,34.12,80,75,3.44,CA,2022-03-06 19:36:05
221,Sao Gabriel Da Cachoeira,-0.1303,-67.0892,89.4,62,40,3.44,BR,2022-03-06 19:36:05
222,Kattivakkam,13.2167,80.3167,83.07,73,77,11.86,IN,2022-03-06 19:36:06
223,Porto Novo,6.4965,2.6036,80.42,76,100,8.81,BJ,2022-03-06 19:36:06
224,Ust-Koksa,50.2696,85.6108,24.75,95,89,2.08,RU,2022-03-06 19:36:07
225,Gallipoli,40.4103,26.6708,44.46,94,100,10.56,TR,2022-03-06 19:36:07
226,Castro,-24.7911,-50.0119,74.59,83,18,4.14,BR,2022-03-06 19:36:07
227,Jimani,18.4917,-71.8502,89.49,43,60,11.59,DO,2022-03-06 19:36:08
228,Clarence Town,-32.5833,151.7833,73.85,99,100,0.81,AU,2022-03-06 19:36:08
229,Qaanaaq,77.484,-69.3632,-1.08,65,0,7.09,GL,2022-03-06 19:37:09
230,Senador Jose Porfirio,-2.5908,-51.9542,76.82,92,100,3.22,BR,2022-03-06 19:37:09
231,Dikson,73.5069,80.5464,-18.15,100,93,6.31,RU,2022-03-06 19:37:09
232,Necochea,-38.5473,-58.7368,72.03,51,61,17.45,AR,2022-03-06 19:37:10
233,Puiesti,46.4167,27.5,34.65,66,100,2.66,RO,2022-03-06 19:37:10
234,Vila Velha,-20.3297,-40.2925,85.95,54,0,12.66,BR,2022-03-06 19:37:11
235,Rio Grande,-32.035,-52.0986,82.51,73,98,9.35,BR,2022-03-06 19:37:11
236,Saint-Philippe,-21.3585,55.7679,80.19,87,100,16.44,RE,2022-03-06 19:37:11
237,Narsaq,60.9167,-46.05,21.42,93,100,3.38,GL,2022-03-06 19:37:12
238,Erdenet,49.0333,104.0833,16.77,82,100,3.83,MN,2022-03-06 19:37:12
239,Zhanakorgan,43.9098,67.2495,47.03,42,100,10.38,KZ,2022-03-06 19:37:13
240,San Ramon,37.7799,-121.978,61.65,54,0,6.91,US,2022-03-06 19:37:13
241,Makakilo City,21.3469,-158.0858,78.19,57,0,5.75,US,2022-03-06 19:37:14
242,Nador,35.174,-2.9287,57.45,67,20,2.3,MA,2022-03-06 19:37:14
243,Troitsko-Pechorsk,62.7084,56.1964,-10.59,100,98,3.69,RU,2022-03-06 19:37:14
244,Lorengau,-2.0226,147.2712,79.27,82,98,8.32,PG,2022-03-06 19:37:15
245,Port Lincoln,-34.7333,135.8667,60.03,78,100,12.15,AU,2022-03-06 19:37:15
246,Chalmette,29.9427,-89.9634,83.05,68,100,21.85,US,2022-03-06 19:37:16
247,Talnakh,69.4865,88.3972,-28.68,98,40,2.75,RU,2022-03-06 19:37:16
248,Rocha,-34.4833,-54.3333,75.63,70,100,8.81,UY,2022-03-06 19:37:17
249,Havre,49.5833,0.3333,39.49,75,0,9.22,FR,2022-03-06 19:37:17
250,Alexandria,31.2156,29.9553,61.34,82,40,11.5,EG,2022-03-06 19:34:57
251,Lodwar,3.1191,35.5973,86.5,36,21,7.25,KE,2022-03-06 19:37:18
252,Caravelas,-17.7125,-39.2481,81.12,70,100,8.25,BR,2022-03-06 19:37:18
253,Ios,36.7333,25.2833,59.38,64,95,5.99,GR,2022-03-06 19:37:18
254,Port Elizabeth,-33.918,25.5701,79.11,83,0,2.3,ZA,2022-03-06 19:37:19
255,Saint-Denis,48.9167,2.3333,43.09,57,0,12.66,FR,2022-03-06 19:37:19
256,Kulhudhuffushi,6.6221,73.07,81.23,72,7,2.98,MV,2022-03-06 19:37:20
257,Marawi,7.9986,124.2928,66.65,99,100,3.49,PH,2022-03-06 19:37:20
258,Nome,64.5011,-165.4064,10.47,79,0,11.5,US,2022-03-06 19:37:20
259,Ossora,59.2353,163.0719,2.28,90,94,4.54,RU,2022-03-06 19:37:21
260,Christchurch,-43.5333,172.6333,61.95,82,75,12.66,NZ,2022-03-06 19:33:11
261,Sao Joao Da Barra,-21.6403,-41.0511,86.09,80,2,12.73,BR,2022-03-06 19:37:21
262,Ilulissat,69.2167,-51.1,21.22,79,75,9.22,GL,2022-03-06 19:37:22
263,Clyde River,70.4692,-68.5914,-0.17,71,0,21.85,CA,2022-03-06 19:37:22
264,Plouzane,48.3833,-4.6167,44.08,70,0,10.36,FR,2022-03-06 19:37:22
265,Mulege,26.8833,-111.9833,65.17,46,37,13.62,MX,2022-03-06 19:37:23
266,Acarau,-2.8856,-40.12,82.22,72,74,14.41,BR,2022-03-06 19:37:23
267,Andros,37.8333,24.9333,55.96,71,100,5.61,GR,2022-03-06 19:37:24
268,Vardo,70.3705,31.1107,22.98,74,40,8.05,NO,2022-03-06 19:37:24
269,Resistencia,-27.4606,-58.9839,93.09,63,0,5.75,AR,2022-03-06 19:37:24
270,Kindu,-2.95,25.95,68.4,99,100,3.87,CD,2022-03-06 19:37:25
271,Port Hardy,50.6996,-127.4199,49.75,81,100,6.91,CA,2022-03-06 19:32:43
272,Port Moresby,-9.4431,147.1797,76.42,94,75,11.5,PG,2022-03-06 19:34:24
273,Yichang,30.7144,111.2847,49.46,92,65,2.8,CN,2022-03-06 19:37:25
274,Yenagoa,4.9247,6.2642,81.03,75,63,5.5,NG,2022-03-06 19:37:26
275,Pisco,-13.7,-76.2167,76.01,83,40,10.36,PE,2022-03-06 19:38:26
276,Tasnad,47.4833,22.5833,34.07,60,100,5.53,RO,2022-03-06 19:38:27
277,Tanabe,33.7333,135.3667,40.93,51,88,5.01,JP,2022-03-06 19:38:27
278,Shashi,30.3072,112.2447,46.44,85,49,2.91,CN,2022-03-06 19:38:27
279,Erzin,36.9559,36.2,48.72,87,80,6.67,TR,2022-03-06 19:38:28
280,Havre-Saint-Pierre,50.2334,-63.5986,19.4,67,100,16.11,CA,2022-03-06 19:38:28
281,Sitka,57.0531,-135.33,42.69,75,100,11.5,US,2022-03-06 19:38:29
282,Viedma,-40.8135,-62.9967,81.12,14,100,16.35,AR,2022-03-06 19:38:29
283,Hofn,64.2539,-15.2082,34.79,49,99,5.57,IS,2022-03-06 19:38:29
284,Piet Retief,-27.0071,30.8132,59.09,98,8,2.33,ZA,2022-03-06 19:38:30
285,Ierapetra,35.01,25.7353,58.14,87,67,1.01,GR,2022-03-06 19:38:30
286,Wahpeton,46.2652,-96.6059,25.93,80,100,19.57,US,2022-03-06 19:38:31
287,Pitimbu,-7.4706,-34.8086,84.79,69,100,15.46,BR,2022-03-06 19:38:31
288,Valparaiso,-33.0393,-71.6273,75.43,39,0,13.8,CL,2022-03-06 19:38:32
289,Kyzyl-Mazhalyk,51.1333,90.6,7.11,92,100,0.56,RU,2022-03-06 19:38:32
290,Tukan,53.8409,57.4552,8.65,94,100,5.44,RU,2022-03-06 19:38:32
291,Sirur,18.8333,74.3833,80.53,30,48,6.06,IN,2022-03-06 19:38:33
292,Aklavik,68.2191,-135.0107,23.0,86,100,10.36,CA,2022-03-06 19:38:33
293,Itarare,-24.1125,-49.3317,78.75,72,47,4.76,BR,2022-03-06 19:36:24
294,Nandu,22.8525,110.8233,68.54,90,100,6.17,CN,2022-03-06 19:38:34
295,Laguna,38.421,-121.4238,62.65,55,0,5.75,US,2022-03-06 19:38:34
296,Yeppoon,-23.1333,150.7333,78.58,90,9,2.3,AU,2022-03-06 19:38:34
297,Balapulang,-7.05,109.0833,75.99,88,93,5.68,ID,2022-03-06 19:38:35
298,Lazaro Cardenas,17.9583,-102.2,84.29,49,12,10.42,MX,2022-03-06 19:36:55
299,Hobyo,5.3505,48.5268,78.67,68,78,16.02,SO,2022-03-06 19:38:35
300,Darhan,49.4867,105.9228,17.71,88,100,5.35,MN,2022-03-06 19:38:36
301,Vao,-22.6667,167.4833,78.76,76,97,14.54,NC,2022-03-06 19:38:36
302,Bouake,7.6895,-5.0218,91.51,46,20,4.61,CI,2022-03-06 19:38:37
303,Dubrovnik,42.6481,18.0922,46.04,65,75,5.75,HR,2022-03-06 19:38:37
304,Gorom-Gorom,14.4439,-0.2361,85.55,7,91,7.34,BF,2022-03-06 19:38:37
305,Esperance,-33.8667,121.9,62.44,91,2,7.09,AU,2022-03-06 19:38:38
306,Verkhnevilyuysk,63.4453,120.3167,5.77,97,100,3.49,RU,2022-03-06 19:38:38
307,Salinopolis,-0.6136,-47.3561,75.96,90,100,5.5,BR,2022-03-06 19:38:39
308,Shimoda,34.6667,138.95,38.1,51,49,3.94,JP,2022-03-06 19:38:39
309,Half Moon Bay,37.4636,-122.4286,63.14,60,0,5.75,US,2022-03-06 19:38:40
310,Antalya,36.7741,30.7178,54.19,82,20,2.3,TR,2022-03-06 19:38:40
311,La Palma,33.8464,-118.0467,64.67,48,20,8.05,US,2022-03-06 19:38:40
312,Axim,4.8699,-2.2405,80.42,84,2,7.23,GH,2022-03-06 19:38:41
313,Guilin,25.2819,110.2864,55.51,93,44,4.0,CN,2022-03-06 19:38:41
314,Benguela,-12.5763,13.4055,78.31,77,100,4.21,AO,2022-03-06 19:38:42
315,Sedro-Woolley,48.5039,-122.2361,51.42,72,75,1.01,US,2022-03-06 19:38:00
316,Zhigansk,66.7697,123.3711,-1.88,93,99,5.1,RU,2022-03-06 19:38:42
317,Krasnoselkup,65.7,82.4667,-32.24,100,57,6.44,RU,2022-03-06 19:38:43
318,Nishihara,26.1842,127.7558,61.88,68,100,9.22,JP,2022-03-06 19:38:43
319,Henties Bay,-22.116,14.2845,61.86,81,13,5.61,NA,2022-03-06 19:38:43
320,Ygatimi,-24.0833,-55.5,97.32,30,90,6.15,PY,2022-03-06 19:39:44
321,Muros,42.7762,-9.0603,49.08,72,5,12.68,ES,2022-03-06 19:39:44
322,Forbes,-33.3833,148.0167,68.92,74,91,17.27,AU,2022-03-06 19:39:45
323,Upernavik,72.7868,-56.1549,8.2,94,100,5.68,GL,2022-03-06 19:39:45
324,Voh,-20.9667,164.7,75.31,81,100,1.34,NC,2022-03-06 19:39:46
325,Inongo,-1.95,18.2667,73.81,93,47,5.08,CD,2022-03-06 19:39:46
326,Yershov,51.3513,48.2766,5.04,93,16,6.62,RU,2022-03-06 19:39:46
327,Shache,38.4167,77.2406,45.84,30,44,4.38,CN,2022-03-06 19:39:47
328,Port Hawkesbury,45.6169,-61.3485,31.91,97,100,12.66,CA,2022-03-06 19:37:07
329,Umuahia,5.5263,7.4896,80.44,71,100,4.45,NG,2022-03-06 19:39:47
330,Talakan,50.3167,130.3667,-8.16,100,96,2.24,RU,2022-03-06 19:39:48
331,Liverpool,53.4106,-2.9779,43.29,71,0,6.91,GB,2022-03-06 19:39:48
332,Muzhi,65.3667,64.6667,-18.78,99,98,7.2,RU,2022-03-06 19:39:48
333,Bay Roberts,47.5999,-53.2648,29.05,43,96,5.99,CA,2022-03-06 19:39:49
334,Ambilobe,-13.2,49.05,71.6,95,100,3.2,MG,2022-03-06 19:39:49
335,Port-Gentil,-0.7193,8.7815,82.36,83,20,8.05,GA,2022-03-06 19:39:50
336,Pontianak,-0.0333,109.3333,75.18,100,100,3.44,ID,2022-03-06 19:38:58
337,Zuidhorn,53.2467,6.4028,39.18,75,100,2.3,NL,2022-03-06 19:39:50
338,Crotone,39.0851,17.1178,46.49,87,40,3.44,IT,2022-03-06 19:39:50
339,Igurubi,-4.0,33.7,70.95,69,100,7.18,TZ,2022-03-06 19:39:51
340,Daru,-9.0763,143.2092,76.39,94,100,10.8,PG,2022-03-06 19:39:51
341,Banda Aceh,5.5577,95.3222,78.78,83,97,4.7,ID,2022-03-06 19:39:52
342,Trairi,-3.2778,-39.2689,80.04,77,100,9.01,BR,2022-03-06 19:39:52
343,Edd,13.9297,41.6925,82.35,42,27,20.13,ER,2022-03-06 19:39:52
344,Kruisfontein,-34.0033,24.7314,76.89,60,100,1.95,ZA,2022-03-06 19:39:53
345,Lata,40.1629,-8.3327,52.81,68,11,3.13,PT,2022-03-06 19:39:53
346,Eureka,40.8021,-124.1637,56.68,73,0,5.99,US,2022-03-06 19:39:54
347,Angoram,-4.0625,144.0661,73.18,99,100,1.07,PG,2022-03-06 19:39:54
348,Beri,25.9031,79.8902,67.53,36,100,6.67,IN,2022-03-06 19:39:54
349,Samagaltay,50.6022,95.0047,10.78,88,100,3.56,RU,2022-03-06 19:39:55
350,Qaqortoq,60.7167,-46.0333,21.7,90,100,4.47,GL,2022-03-06 19:39:55
351,Cuamba,-14.8031,36.5372,69.06,96,23,1.03,MZ,2022-03-06 19:39:56
352,Kahului,20.8947,-156.47,78.06,50,0,5.75,US,2022-03-06 19:39:56
353,Byron Bay,-28.65,153.6167,71.55,92,36,5.77,AU,2022-03-06 19:39:56
354,Cabo San Lucas,22.8909,-109.9124,81.7,49,0,4.61,MX,2022-03-06 19:35:36
355,Lompoc,34.6391,-120.4579,63.7,49,0,18.99,US,2022-03-06 19:39:57
356,Paamiut,61.994,-49.6678,19.63,94,100,8.19,GL,2022-03-06 19:39:57
357,Hervey Bay,-25.2986,152.8535,73.51,83,99,3.22,AU,2022-03-06 19:39:58
358,Brae,60.3964,-1.353,42.71,73,100,17.43,GB,2022-03-06 19:39:58
359,Nigde,37.8333,34.75,26.91,85,30,2.84,TR,2022-03-06 19:39:58
360,Rawson,-43.3002,-65.1023,77.76,26,24,13.53,AR,2022-03-06 19:39:59
361,Sinnamary,5.3833,-52.95,76.01,88,100,12.91,GF,2022-03-06 19:39:59
362,Dakar,14.6937,-17.4441,72.48,77,69,11.5,SN,2022-03-06 19:38:29
363,Saint-Georges,12.0564,-61.7485,83.88,58,40,20.71,GD,2022-03-06 19:40:00
364,Matehuala,23.65,-100.65,83.71,13,0,9.22,MX,2022-03-06 19:40:00
365,Bathsheba,13.2167,-59.5167,83.01,61,75,24.16,BB,2022-03-06 19:40:01
366,Bambous Virieux,-20.3428,57.7575,80.85,83,75,14.97,MU,2022-03-06 19:40:01
367,Tolaga Bay,-38.3667,178.3,63.93,67,85,1.92,NZ,2022-03-06 19:41:02
368,Baykit,61.67,96.37,-7.69,99,100,3.85,RU,2022-03-06 19:41:02
369,Alice Springs,-23.7,133.8833,72.95,43,39,8.05,AU,2022-03-06 19:41:03
370,Amahai,-3.3333,128.9167,77.49,90,100,4.63,ID,2022-03-06 19:41:03
371,Luanda,-8.8368,13.2343,80.6,83,75,8.05,AO,2022-03-06 19:41:03
372,Chincholi,17.4667,77.4333,77.07,36,20,8.34,IN,2022-03-06 19:41:04
373,Vernon,50.2581,-119.2691,46.13,59,93,2.3,CA,2022-03-06 19:40:09
374,Sangin,32.0728,64.8359,58.12,61,3,5.57,AF,2022-03-06 19:41:04
375,Morehead,37.2711,-87.1764,66.15,97,100,1.01,US,2022-03-06 19:41:05
376,Birao,10.2849,22.7882,84.54,12,39,6.24,CF,2022-03-06 19:41:05
377,Yurty,56.0498,97.6348,34.27,82,100,12.21,RU,2022-03-06 19:41:06
378,Tieli,46.95,128.05,3.61,98,99,2.95,CN,2022-03-06 19:41:06
379,Guangyuan,32.442,105.823,51.1,72,0,2.64,CN,2022-03-06 19:41:06
380,Patiya,22.2931,91.9762,61.97,51,5,4.47,BD,2022-03-06 19:41:07
381,Kovernino,57.1253,43.8142,21.65,97,100,3.24,RU,2022-03-06 19:41:07
382,Grand Gaube,-20.0064,57.6608,81.0,83,100,7.0,MU,2022-03-06 19:41:08
383,Kamina,-8.7386,24.9906,64.74,93,95,2.13,CD,2022-03-06 19:41:08
384,Sistranda,63.7256,8.834,41.9,82,100,32.55,NO,2022-03-06 19:41:09
385,Vilhena,-12.7406,-60.1458,75.42,88,75,8.05,BR,2022-03-06 19:41:09
386,Nelson Bay,-32.7167,152.15,73.99,97,100,1.01,AU,2022-03-06 19:41:10
387,Shamary,57.3434,58.2199,-7.28,99,61,2.84,RU,2022-03-06 19:41:10
388,Baiyin,36.5583,104.2081,23.88,40,0,2.77,CN,2022-03-06 19:41:10
389,Carinhanha,-14.3047,-43.765,82.09,51,12,7.05,BR,2022-03-06 19:41:11
390,Brusque,-27.0981,-48.9175,93.45,60,15,6.08,BR,2022-03-06 19:41:11
391,Yiyang,28.5892,112.3283,47.28,93,28,6.02,CN,2022-03-06 19:36:23
392,Praia,14.9215,-23.5087,72.14,64,20,21.85,CV,2022-03-06 19:38:18
393,Pospelikha,51.95,81.7667,36.9,95,100,27.07,RU,2022-03-06 19:41:12
394,Lavrentiya,65.5833,-171.0,1.27,92,100,7.74,RU,2022-03-06 19:41:12
395,Knysna,-34.0363,23.0471,73.78,58,100,2.84,ZA,2022-03-06 19:41:13
396,Bama,11.5221,13.6856,88.75,13,23,9.1,NG,2022-03-06 19:41:13
397,Grand-Santi,4.25,-54.3833,74.05,98,100,2.82,GF,2022-03-06 19:41:13
398,Giyani,-23.3025,30.7187,74.03,74,78,9.06,ZA,2022-03-06 19:41:14
399,Musoma,-1.5,33.8,75.22,83,20,0.0,TZ,2022-03-06 19:41:14
400,Coolum Beach,-26.5333,153.1,68.34,89,95,3.85,AU,2022-03-06 19:41:14
401,Calama,-22.4667,-68.9333,73.89,40,20,27.63,CL,2022-03-06 19:41:15
402,Labuhan,-6.8844,112.2051,80.1,89,100,6.2,ID,2022-03-06 19:41:15
403,Leningradskiy,69.3833,178.4167,-25.13,97,29,5.06,RU,2022-03-06 19:41:16
404,Marfino,55.7028,37.3822,29.48,54,75,13.42,RU,2022-03-06 19:41:16
405,Surt,31.2089,16.5887,58.06,68,0,10.42,LY,2022-03-06 19:41:16
406,Sioux Lookout,50.1001,-91.917,26.98,43,100,9.22,CA,2022-03-06 19:41:17
407,Tura,25.5198,90.2201,65.73,37,0,4.9,IN,2022-03-06 19:41:17
408,Riyadh,24.6877,46.7219,75.34,27,91,13.51,SA,2022-03-06 19:39:29
409,Olinda,-8.0089,-34.8553,83.93,70,40,12.66,BR,2022-03-06 19:41:18
410,Kiunga,-6.1219,141.2906,73.11,100,100,1.03,PG,2022-03-06 19:41:18
411,Burnie,-41.0667,145.9167,50.81,79,20,8.75,AU,2022-03-06 19:41:19
412,Merauke,-8.4667,140.3333,77.97,87,100,5.39,ID,2022-03-06 19:41:19
413,Xining,36.6167,101.7667,33.49,25,5,2.37,CN,2022-03-06 19:41:19
414,Honningsvag,70.9821,25.9704,26.35,68,0,14.97,NO,2022-03-06 19:42:20
415,Avera,33.194,-82.5271,83.86,40,0,10.0,US,2022-03-06 19:42:20
416,Oriximina,-1.7656,-55.8661,83.32,69,100,1.83,BR,2022-03-06 19:42:21
417,Honiara,-9.4333,159.95,78.46,84,14,3.36,SB,2022-03-06 19:42:21
418,Desaguadero,-16.5656,-69.0417,59.14,41,64,12.15,PE,2022-03-06 19:42:21
419,Vanderhoof,54.0166,-124.0198,38.05,76,100,2.93,CA,2022-03-06 19:42:22
420,Masallatah,32.6167,14.0,53.02,68,35,8.88,LY,2022-03-06 19:42:22
421,Rochester,43.1548,-77.6156,73.92,36,0,40.29,US,2022-03-06 19:42:10
422,Punahana,27.8667,77.2,66.24,42,100,3.91,IN,2022-03-06 19:42:23
423,Pandan,14.0453,124.1694,77.7,86,100,13.02,PH,2022-03-06 19:42:23
424,Gangarampur,25.4,88.5167,70.66,34,0,7.14,IN,2022-03-06 19:42:24
425,Severo-Yeniseyskiy,60.3725,93.0408,2.26,98,100,3.29,RU,2022-03-06 19:42:24
426,Klyuchi,52.2667,79.1667,36.21,75,79,23.22,RU,2022-03-06 19:42:24
427,Ocos,14.5094,-92.1933,95.5,57,82,15.21,GT,2022-03-06 19:42:25
428,San Rafael,-34.6177,-68.3301,80.82,36,0,7.02,AR,2022-03-06 19:42:25
429,Puerto Colombia,10.9878,-74.9547,89.69,74,31,22.12,CO,2022-03-06 19:42:26
430,Opuwo,-18.0607,13.84,69.96,44,67,6.02,NA,2022-03-06 19:42:26
431,Gweta,-20.1833,25.2333,78.37,51,15,3.6,BW,2022-03-06 19:42:26
432,Elat,29.5581,34.9482,76.84,20,94,4.61,IL,2022-03-06 19:38:56
433,Janakkala,60.9,24.6,33.13,91,100,5.77,FI,2022-03-06 19:42:27
434,Beberibe,-4.1797,-38.1306,82.44,74,93,8.48,BR,2022-03-06 19:42:27
435,Ternate,0.8,127.4,80.74,82,100,7.74,ID,2022-03-06 19:42:28
436,Shebunino,46.4339,141.8603,24.37,83,79,13.65,RU,2022-03-06 19:42:28
437,Adrar,20.5022,-10.0711,69.42,12,0,11.45,MR,2022-03-06 19:42:28
438,Vera Cruz,-12.6333,-41.0333,74.8,78,99,0.31,BR,2022-03-06 19:42:29
439,Lodja,-3.4833,23.4333,73.87,83,75,0.81,CD,2022-03-06 19:42:29
440,Petropavlovsk-Kamchatskiy,53.0452,158.6483,14.59,79,75,2.24,RU,2022-03-06 19:42:29
441,Puerto Escondido,15.85,-97.0667,87.6,52,3,10.69,MX,2022-03-06 19:42:30
442,Nalut,30.3333,10.85,57.79,24,76,7.94,LY,2022-03-06 19:42:30
443,Amposta,40.7131,0.581,50.63,86,100,5.66,ES,2022-03-06 19:42:31
444,Hamilton,39.1834,-84.5333,71.01,75,75,17.27,US,2022-03-06 19:39:01
445,Ugoofaaru,5.6667,73.0,81.3,73,100,5.26,MV,2022-03-06 19:42:31
446,Naryan-Mar,67.6713,53.087,-26.23,100,86,6.31,RU,2022-03-06 19:42:32
447,Sexsmith,55.35,-118.786,27.57,68,40,2.3,CA,2022-03-06 19:42:32
448,Abonnema,4.7084,6.7931,82.31,72,80,7.05,NG,2022-03-06 19:42:32
449,Tezu,27.9167,96.1667,65.12,32,0,4.56,IN,2022-03-06 19:42:33
450,Cervo,43.6702,-7.4101,46.96,80,72,5.3,ES,2022-03-06 19:42:33
451,Camacha,33.0833,-16.3333,58.53,63,40,11.5,PT,2022-03-06 19:42:34
452,Altona,53.55,9.9333,35.02,84,0,3.44,DE,2022-03-06 19:42:34
453,San Lawrenz,36.0553,14.204,51.85,74,26,1.01,MT,2022-03-06 19:42:34
454,Mega,4.05,38.3,68.38,30,70,17.11,ET,2022-03-06 19:42:35
455,Bacolod,10.6667,122.95,76.37,84,100,11.21,PH,2022-03-06 19:42:35
456,Bandarbeyla,9.4942,50.8122,76.78,67,33,12.68,SO,2022-03-06 19:42:36
457,Sebaste,11.5901,122.0945,77.13,87,96,8.01,PH,2022-03-06 19:42:36
458,Bundaberg,-24.85,152.35,73.69,99,100,4.61,AU,2022-03-06 19:42:36
459,Okha,53.5739,142.9478,6.15,97,100,7.45,RU,2022-03-06 19:42:37
460,Farafangana,-22.8167,47.8333,76.62,82,21,4.34,MG,2022-03-06 19:42:37
461,Korcula,42.9622,17.1369,43.36,58,83,2.73,HR,2022-03-06 19:42:37
462,Lafia,8.4833,8.5167,92.77,29,45,3.33,NG,2022-03-06 19:43:38
463,Safaga,26.7292,33.9365,71.55,49,100,4.81,EG,2022-03-06 19:43:38
464,Vestmanna,62.1564,-7.1664,43.72,93,100,20.71,FO,2022-03-06 19:43:39
465,Pullman,46.7313,-117.1796,44.91,59,0,12.66,US,2022-03-06 19:41:00
466,Manggar,-2.8833,108.2667,78.28,84,100,4.27,ID,2022-03-06 19:43:39
467,Leeton,-34.5667,146.4,66.25,68,1,5.75,AU,2022-03-06 19:43:40
468,Hovd,48.0056,91.6419,14.18,58,100,6.55,MN,2022-03-06 19:43:40
469,Fukue,32.6881,128.8419,47.62,45,100,8.28,JP,2022-03-06 19:43:40
470,Puerto Rico,-26.796,-55.024,85.55,58,99,4.88,AR,2022-03-06 19:43:41
471,Vukovar,45.3433,18.9997,34.7,100,100,3.44,HR,2022-03-06 19:43:41
472,Nayoro,44.3506,142.4578,14.52,97,52,3.22,JP,2022-03-06 19:43:42
473,Santa Maria,-29.6842,-53.8069,70.9,100,75,2.3,BR,2022-03-06 19:39:10
474,Tumalaytay,12.2758,123.232,76.71,89,100,10.0,PH,2022-03-06 19:43:42
475,Virginia Beach,36.8529,-75.978,82.45,49,75,28.77,US,2022-03-06 19:42:02
476,Ampanihy,-24.7,44.75,72.91,90,21,9.62,MG,2022-03-06 19:43:43
477,Richards Bay,-28.783,32.0377,72.91,93,0,6.51,ZA,2022-03-06 19:40:20
478,Otane,-39.8833,176.6333,61.39,73,46,1.32,NZ,2022-03-06 19:43:43
479,Mullovka,54.2,49.4,8.42,95,95,3.33,RU,2022-03-06 19:43:44
480,Balkanabat,39.5108,54.3671,50.27,45,99,6.96,TM,2022-03-06 19:43:44
481,Floro,61.5996,5.0328,40.96,87,75,11.5,NO,2022-03-06 19:43:44
482,Coos Bay,43.3665,-124.2179,52.23,83,100,8.05,US,2022-03-06 19:43:45
483,Karwar,14.8,74.1333,76.53,65,0,3.98,IN,2022-03-06 19:43:45
484,Juba,4.8517,31.5825,92.26,19,93,4.45,SS,2022-03-06 19:43:45
485,Yaan,7.3833,8.5667,84.6,54,100,9.15,NG,2022-03-06 19:43:46
486,Kaeo,-35.1,173.7833,65.32,95,100,8.12,NZ,2022-03-06 19:43:46
487,Graaff-Reinet,-32.2522,24.5308,74.91,62,100,8.3,ZA,2022-03-06 19:43:47
488,Vangaindrano,-23.35,47.6,74.93,87,27,2.13,MG,2022-03-06 19:43:47
489,Camabatela,-8.1881,15.375,64.2,97,100,1.41,AO,2022-03-06 19:43:47
490,Quelimane,-17.8786,36.8883,82.35,89,75,13.8,MZ,2022-03-06 19:43:48
491,Conceicao Das Alagoas,-19.9147,-48.3883,89.38,57,30,3.02,BR,2022-03-06 19:43:48
492,Miami,25.7743,-80.1937,82.42,71,75,21.0,US,2022-03-06 19:40:09
493,Nizwa,22.9333,57.5333,74.19,29,1,1.39,OM,2022-03-06 19:43:49
494,Morlaix,48.5833,-4.0,44.06,72,20,8.05,FR,2022-03-06 19:43:49
495,Naze,28.3667,129.4833,53.49,66,100,8.61,JP,2022-03-06 19:43:50
496,Sobolevo,54.4299,31.8996,19.83,91,99,6.89,RU,2022-03-06 19:43:50
497,Mackay,-21.15,149.2,82.38,83,7,12.66,AU,2022-03-06 19:43:50
498,Turkistan,43.0,68.0,49.96,35,100,7.31,KZ,2022-03-06 19:43:51
499,Seddon,-37.8068,144.8916,62.42,86,40,7.0,AU,2022-03-06 19:43:51
500,Omsukchan,62.5333,155.8,-25.8,100,100,3.87,RU,2022-03-06 19:43:52
501,Codrington,-38.2667,141.9667,55.15,86,7,8.21,AU,2022-03-06 19:43:52
502,Andros Town,24.7,-77.7667,80.56,74,10,24.47,BS,2022-03-06 19:43:52
503,Kassala,15.451,36.4,87.91,27,12,11.12,SD,2022-03-06 19:43:53
504,Filimonovo,56.2011,95.4611,33.89,83,100,13.15,RU,2022-03-06 19:43:53
505,Saint-Joseph,-21.3667,55.6167,79.18,84,100,15.7,RE,2022-03-06 19:43:54
506,Parsons,37.3403,-95.2611,44.89,43,100,12.41,US,2022-03-06 19:43:54
507,Manbij,36.5281,37.9549,43.57,90,100,11.32,SY,2022-03-06 19:43:54
508,San Cristobal,7.7669,-72.225,68.18,61,100,3.62,VE,2022-03-06 19:43:55
509,Tongliao,43.6125,122.2653,21.94,78,100,7.2,CN,2022-03-06 19:41:29
510,Ludvika,60.1496,15.1878,37.33,66,33,9.8,SE,2022-03-06 19:44:55
511,Morrope,-6.5417,-80.0111,90.79,47,100,14.25,PE,2022-03-06 19:44:56
512,Curumani,9.1999,-73.5427,96.44,33,31,3.18,CO,2022-03-06 19:44:56
513,Marsa Matruh,31.3525,27.2453,59.2,82,75,9.22,EG,2022-03-06 19:44:57
514,High Level,58.5169,-117.136,19.51,79,75,6.91,CA,2022-03-06 19:44:57
515,Ancud,-41.8697,-73.8203,57.42,91,92,20.33,CL,2022-03-06 19:44:57
516,Oranjestad,12.524,-70.027,85.95,58,20,20.71,AW,2022-03-06 19:44:58
517,Anloga,5.7947,0.8973,82.62,81,9,10.63,GH,2022-03-06 19:44:58
518,Alugan,12.2188,125.4808,78.6,89,100,10.58,PH,2022-03-06 19:44:59
519,Oranjemund,-28.55,16.4333,67.26,92,49,3.51,NA,2022-03-06 19:44:59
520,Jeremie,18.65,-74.1167,80.37,69,12,3.83,HT,2022-03-06 19:44:59
521,La Ronge,55.1001,-105.2842,23.25,68,100,10.36,CA,2022-03-06 19:45:00
522,Mandera,3.9366,41.867,87.39,22,5,9.57,KE,2022-03-06 19:45:00
523,Pedernales,18.0384,-71.744,83.48,59,20,4.97,DO,2022-03-06 19:45:01
524,Tabuk,17.4189,121.4443,68.83,92,98,1.7,PH,2022-03-06 19:45:01
525,Arrifes,37.7667,-25.7,62.24,88,75,17.27,PT,2022-03-06 19:45:01
526,Sibolga,1.7427,98.7792,75.79,88,97,2.28,ID,2022-03-06 19:45:02
527,Atasu,48.6814,71.6433,31.37,86,99,23.85,KZ,2022-03-06 19:45:02
528,Vestmannaeyjar,63.4427,-20.2734,38.88,58,100,21.88,IS,2022-03-06 19:45:03
529,Ixtapa,20.7,-105.2,79.83,34,0,10.36,MX,2022-03-06 19:40:38
530,Morant Bay,17.8815,-76.4093,83.82,64,5,11.01,JM,2022-03-06 19:45:03
531,Moissala,8.3404,17.7663,89.58,20,82,5.1,TD,2022-03-06 19:45:04
532,Hami,42.8,93.45,46.65,16,97,2.53,CN,2022-03-06 19:45:04
533,Palmer,42.1584,-72.3287,64.42,67,40,23.02,US,2022-03-06 19:45:05
534,Camalu,30.85,-116.0667,60.42,53,1,16.2,MX,2022-03-06 19:45:05
535,Doha,25.2867,51.5333,70.11,73,0,4.61,QA,2022-03-06 19:42:30
536,Mishan,45.55,131.8833,7.3,93,15,5.79,CN,2022-03-06 19:45:06
537,Parabel,58.6978,81.4825,20.5,96,100,9.37,RU,2022-03-06 19:45:06
538,Beyneu,45.3167,55.2,29.98,85,78,17.56,KZ,2022-03-06 19:45:06
539,Muisne,0.6,-80.0333,80.71,74,93,6.98,EC,2022-03-06 19:45:07
540,Guiratinga,-16.3494,-53.7583,80.92,73,27,7.83,BR,2022-03-06 19:45:07
