City_ID,City,Lat,Lng,Max Temp,Humidity,Cloudiness,Wind Speed,Country,Date,Current Description
0,Sorland,67.667,12.6934,42.46,84,95,10.98,NO,2022-03-11 23:08:36,overcast clouds
1,Nantucket,41.2835,-70.0995,41.11,87,0,6.91,US,2022-03-11 23:03:44,clear sky
2,Vaini,-21.2,-175.2,84.36,84,75,8.05,TO,2022-03-11 23:08:37,broken clouds
3,Upernavik,72.7868,-56.1549,-16.49,100,71,7.81,GL,2022-03-11 23:08:37,broken clouds
4,Hukuntsi,-24.0,21.75,74.19,44,26,11.81,BW,2022-03-11 23:08:38,scattered clouds
5,Hobart,-42.8794,147.3294,66.25,62,20,8.05,AU,2022-03-11 23:08:38,few clouds
6,Kapaa,22.0752,-159.319,81.12,70,20,10.36,US,2022-03-11 23:08:39,few clouds
7,Ushuaia,-54.8,-68.3,47.86,57,20,17.27,AR,2022-03-11 23:07:35,few clouds
8,Yichun,47.7,128.9,13.32,92,73,0.4,CN,2022-03-11 23:08:39,broken clouds
9,Shieli,44.1667,66.75,50.61,75,97,7.2,KZ,2022-03-11 23:08:39,overcast clouds
10,Port Alfred,-33.5906,26.891,73.69,89,67,17.0,ZA,2022-03-11 23:08:40,broken clouds
11,Atuona,-9.8,-139.0333,78.87,76,78,16.91,PF,2022-03-11 23:06:05,broken clouds
12,Cacu,-18.5567,-51.1308,80.11,59,100,3.22,BR,2022-03-11 23:08:41,overcast clouds
13,Rikitea,-23.1203,-134.9692,78.13,70,3,1.48,PF,2022-03-11 23:08:41,clear sky
14,Yellowknife,62.456,-114.3525,3.42,77,100,5.99,CA,2022-03-11 23:07:50,overcast clouds
15,Kirkconnel,55.3856,-3.9984,48.34,95,100,6.02,GB,2022-03-11 23:08:42,overcast clouds
16,Lorengau,-2.0226,147.2712,83.57,72,95,4.52,PG,2022-03-11 23:08:42,overcast clouds
17,Wajima,37.4,136.9,49.48,63,3,6.29,JP,2022-03-11 23:08:43,clear sky
18,Nanortalik,60.1432,-45.2371,13.6,75,85,29.68,GL,2022-03-11 23:08:43,overcast clouds
19,Karonga,-9.9333,33.9333,71.96,91,98,3.96,MW,2022-03-11 23:08:44,overcast clouds
20,Mataura,-46.1927,168.8643,55.47,85,100,10.74,NZ,2022-03-11 23:08:44,overcast clouds
21,Bandar,2.05,99.75,70.81,97,44,2.33,ID,2022-03-11 23:08:45,scattered clouds
22,Cockburn Town,21.4612,-71.1419,78.03,81,0,20.04,TC,2022-03-11 23:08:45,clear sky
23,Pisco,-13.7,-76.2167,73.45,73,0,16.11,PE,2022-03-11 23:08:45,clear sky
24,Poum,-20.2333,164.0167,81.7,74,1,1.97,NC,2022-03-11 23:08:46,clear sky
25,Busselton,-33.65,115.3333,68.61,81,12,8.99,AU,2022-03-11 23:04:46,few clouds
26,Bluff,-46.6,168.3333,55.8,78,93,22.21,NZ,2022-03-11 23:08:46,overcast clouds
27,Jamestown,42.097,-79.2353,35.24,65,100,10.36,US,2022-03-11 23:04:54,mist
28,Camacha,33.0833,-16.3333,56.62,77,0,8.05,PT,2022-03-11 23:08:47,clear sky
29,Cape Town,-33.9258,18.4232,71.11,77,66,1.61,ZA,2022-03-11 23:05:30,broken clouds
30,Saint-Philippe,-21.3585,55.7679,76.59,83,39,8.84,RE,2022-03-11 23:04:54,scattered clouds
31,Faanui,-16.4833,-151.75,81.55,69,24,9.8,PF,2022-03-11 23:08:48,few clouds
32,Shache,38.4167,77.2406,52.57,22,87,6.64,CN,2022-03-11 23:08:48,overcast clouds
33,Saint George,37.1041,-113.5841,60.26,12,0,0.0,US,2022-03-11 23:08:49,clear sky
34,Medea,36.2642,2.7539,50.47,75,100,3.2,DZ,2022-03-11 23:08:49,overcast clouds
35,Aksu,41.1231,80.2644,49.41,31,99,2.42,CN,2022-03-11 23:08:50,overcast clouds
36,Puerto Escondido,15.85,-97.0667,85.03,70,40,8.05,MX,2022-03-11 23:08:50,scattered clouds
37,Moose Factory,51.2585,-80.6094,18.93,89,100,4.16,CA,2022-03-11 23:08:51,overcast clouds
38,Ancud,-41.8697,-73.8203,58.91,82,2,3.06,CL,2022-03-11 23:08:51,clear sky
39,Sovetskiy,61.3614,63.5842,-3.93,98,99,7.54,RU,2022-03-11 23:08:51,overcast clouds
40,Hermanus,-34.4187,19.2345,74.8,76,100,6.87,ZA,2022-03-11 23:08:52,overcast clouds
41,Rincon,32.296,-81.2354,62.56,92,100,6.91,US,2022-03-11 23:04:47,overcast clouds
42,Cururupu,-1.8283,-44.8683,73.36,97,100,2.73,BR,2022-03-11 23:08:53,overcast clouds
43,Adrar,20.5022,-10.0711,67.75,10,0,11.5,MR,2022-03-11 23:08:53,clear sky
44,Punta Arenas,-53.15,-70.9167,50.11,57,0,6.91,CL,2022-03-11 23:08:53,clear sky
45,Avarua,-21.2078,-159.775,84.25,79,75,4.61,CK,2022-03-11 23:09:54,broken clouds
46,Jijiga,9.35,42.8,64.58,62,91,1.81,ET,2022-03-11 23:09:54,overcast clouds
47,Caravelas,-17.7125,-39.2481,76.46,85,84,4.99,BR,2022-03-11 23:09:55,broken clouds
48,Bambous Virieux,-20.3428,57.7575,77.25,94,75,5.75,MU,2022-03-11 23:09:55,light rain
49,Castro,-24.7911,-50.0119,65.01,98,87,4.54,BR,2022-03-11 23:09:55,light rain
50,Saldanha,-33.0117,17.9442,70.57,77,38,4.83,ZA,2022-03-11 23:09:56,scattered clouds
51,Thompson,55.7435,-97.8558,5.9,85,100,8.3,CA,2022-03-11 23:09:56,overcast clouds
52,Kruisfontein,-34.0033,24.7314,71.98,81,81,15.59,ZA,2022-03-11 23:09:56,broken clouds
53,Hirara,24.8,125.2833,70.05,70,0,14.07,JP,2022-03-11 23:09:57,clear sky
54,Chokurdakh,70.6333,147.9167,-11.06,96,100,7.38,RU,2022-03-11 23:09:57,overcast clouds
55,Hofn,64.2539,-15.2082,41.65,95,100,13.2,IS,2022-03-11 23:09:57,light rain
56,Te Anau,-45.4167,167.7167,61.5,57,96,4.0,NZ,2022-03-11 23:09:58,overcast clouds
57,Barrow,71.2906,-156.7887,1.42,85,100,8.05,US,2022-03-11 23:09:58,overcast clouds
58,Souillac,-20.5167,57.5167,77.38,94,75,5.75,MU,2022-03-11 23:10:00,broken clouds
59,Chernyshevskiy,63.0128,112.4714,-18.44,100,100,2.21,RU,2022-03-11 23:10:00,overcast clouds
60,Arraial Do Cabo,-22.9661,-42.0278,78.84,83,0,25.97,BR,2022-03-11 23:10:01,clear sky
61,Ankara,39.9199,32.8543,22.21,66,40,3.44,TR,2022-03-11 23:05:04,scattered clouds
62,Comodoro Rivadavia,-45.8667,-67.5,66.06,45,0,9.22,AR,2022-03-11 23:10:02,clear sky
63,Baykit,61.67,96.37,-15.95,99,99,2.57,RU,2022-03-11 23:10:03,overcast clouds
64,Guerrero Negro,27.9769,-114.0611,72.82,20,3,20.98,MX,2022-03-11 23:10:04,clear sky
65,Hilo,19.7297,-155.09,82.26,68,20,13.8,US,2022-03-11 23:10:04,few clouds
66,Hengyang,26.8881,112.615,67.32,83,42,3.67,CN,2022-03-11 23:09:59,scattered clouds
67,Esperance,-33.8667,121.9,67.44,63,97,14.58,AU,2022-03-11 23:10:05,overcast clouds
68,Mar Del Plata,-38.0023,-57.5575,62.1,68,40,8.99,AR,2022-03-11 23:05:21,scattered clouds
69,Takoradi,4.8845,-1.7554,81.07,83,77,7.25,GH,2022-03-11 23:10:06,broken clouds
70,Hessisch Lichtenau,51.2,9.7167,31.06,57,13,3.65,DE,2022-03-11 23:10:07,few clouds
71,Uarini,-2.99,-65.1083,75.54,95,66,3.94,BR,2022-03-11 23:10:07,light rain
72,Reyes,-14.3167,-67.3833,74.93,96,99,3.47,BO,2022-03-11 23:10:08,overcast clouds
73,Cairns,-16.9167,145.7667,86.07,81,40,6.91,AU,2022-03-11 23:07:11,scattered clouds
74,Hinton,53.4001,-117.5857,36.68,79,100,8.28,CA,2022-03-11 23:10:09,overcast clouds
75,Aksarka,66.5606,67.7975,-3.68,100,99,10.2,RU,2022-03-11 23:10:09,overcast clouds
76,Hasaki,35.7333,140.8333,50.4,65,0,10.87,JP,2022-03-11 23:10:10,clear sky
77,Hualmay,-11.0964,-77.6139,74.52,76,38,8.25,PE,2022-03-11 23:10:10,scattered clouds
78,Beringovskiy,63.05,179.3167,9.27,79,3,9.31,RU,2022-03-11 23:10:11,clear sky
79,Dikson,73.5069,80.5464,-1.14,92,100,23.89,RU,2022-03-11 23:10:11,overcast clouds
80,Ayr,55.4627,-4.6339,49.32,87,75,11.5,GB,2022-03-11 23:09:11,broken clouds
81,Lisakovsk,52.5369,62.4936,4.77,94,100,14.07,KZ,2022-03-11 23:10:12,overcast clouds
82,Kerrobert,51.9168,-109.1348,8.98,80,100,12.21,CA,2022-03-11 23:10:12,overcast clouds
83,Torbay,47.6666,-52.7314,33.58,66,90,10.0,CA,2022-03-11 23:05:34,overcast clouds
84,Glasgow,55.8652,-4.2576,49.03,90,100,5.75,GB,2022-03-11 23:07:36,moderate rain
85,Isla Vista,34.4133,-119.861,74.91,19,0,8.05,US,2022-03-11 23:10:13,clear sky
86,High Rock,26.6208,-78.2833,78.82,81,1,13.27,BS,2022-03-11 23:10:14,clear sky
87,Praia Da Vitoria,38.7333,-27.0667,59.76,84,100,16.24,PT,2022-03-11 23:10:14,overcast clouds
88,Valley City,46.9233,-98.0032,5.52,56,40,19.57,US,2022-03-11 23:10:15,scattered clouds
89,Puerto Leguizamo,-0.1934,-74.7819,79.21,79,95,3.51,CO,2022-03-11 23:10:15,heavy intensity rain
90,Qaanaaq,77.484,-69.3632,-11.6,70,30,4.92,GL,2022-03-11 23:10:15,scattered clouds
91,Shakawe,-18.3667,21.85,68.58,76,47,2.98,BW,2022-03-11 23:10:16,scattered clouds
92,San Patricio,28.017,-97.5169,53.69,71,100,22.62,US,2022-03-11 23:11:16,overcast clouds
93,Miraflores,19.2167,-98.8083,81.25,20,61,6.62,MX,2022-03-11 23:11:17,broken clouds
94,Vigrestad,58.5667,5.7,40.68,67,12,34.36,NO,2022-03-11 23:11:17,few clouds
95,Bethel,41.3712,-73.414,45.86,61,74,4.83,US,2022-03-11 23:11:17,broken clouds
96,Tuatapere,-46.1333,167.6833,58.66,76,99,10.94,NZ,2022-03-11 23:11:18,overcast clouds
97,San Lawrenz,36.0553,14.204,49.86,76,30,10.22,MT,2022-03-11 23:11:18,scattered clouds
98,Butaritari,3.0707,172.7902,81.16,80,87,19.44,KI,2022-03-11 23:11:19,light rain
99,Homer,59.6425,-151.5483,41.77,86,75,3.44,US,2022-03-11 23:11:19,broken clouds
100,Saint-Joseph,-21.3667,55.6167,75.58,81,20,10.11,RE,2022-03-11 23:07:20,few clouds
101,Bredasdorp,-34.5322,20.0403,74.41,73,100,3.78,ZA,2022-03-11 23:11:19,overcast clouds
102,Cravo Norte,6.3017,-70.2041,88.61,46,79,6.44,CO,2022-03-11 23:11:20,broken clouds
103,Albany,42.6001,-73.9662,48.61,62,99,5.97,US,2022-03-11 23:08:07,overcast clouds
104,Ostrovnoy,68.0531,39.5131,28.83,84,97,19.82,RU,2022-03-11 23:11:21,overcast clouds
105,Broken Hill,-31.95,141.4333,70.29,28,29,14.65,AU,2022-03-11 23:11:21,scattered clouds
106,Mangrol,21.1167,70.1167,77.27,47,0,10.27,IN,2022-03-11 23:11:22,clear sky
107,Longyearbyen,78.2186,15.6401,10.24,72,0,3.44,SJ,2022-03-11 23:11:22,clear sky
108,Puerto Ayora,-0.7393,-90.3518,80.55,89,89,1.01,EC,2022-03-11 23:11:22,overcast clouds
109,Port Hardy,50.6996,-127.4199,41.18,93,100,18.95,CA,2022-03-11 23:07:50,light rain
110,Henties Bay,-22.116,14.2845,66.72,86,58,5.44,NA,2022-03-11 23:11:23,broken clouds
111,Hithadhoo,-0.6,73.0833,82.13,61,16,4.52,MV,2022-03-11 23:07:09,few clouds
112,Port Lincoln,-34.7333,135.8667,67.82,68,0,14.45,AU,2022-03-11 23:11:23,clear sky
113,Manggar,-2.8833,108.2667,77.92,88,99,9.1,ID,2022-03-11 23:11:24,overcast clouds
114,Melo,-32.3667,-54.1833,63.86,53,11,6.71,UY,2022-03-11 23:11:24,few clouds
115,Kaitangata,-46.2817,169.8464,60.35,67,100,14.97,NZ,2022-03-11 23:11:25,overcast clouds
116,Ca Mau,9.1769,105.15,76.62,79,100,1.54,VN,2022-03-11 23:11:25,overcast clouds
117,Santa Vitoria Do Palmar,-33.5189,-53.3681,64.54,64,66,10.42,BR,2022-03-11 23:11:26,broken clouds
118,Nanakuli,21.3906,-158.1547,87.75,47,20,13.8,US,2022-03-11 23:11:26,few clouds
119,Motozintla,15.3667,-92.2333,70.34,71,81,4.32,MX,2022-03-11 23:11:26,broken clouds
120,Lyngseidet,69.5763,20.2189,38.95,98,100,5.68,NO,2022-03-11 23:11:27,overcast clouds
121,Naliya,23.2667,68.8333,77.59,46,0,8.81,IN,2022-03-11 23:11:27,clear sky
122,Acapulco,16.8634,-99.8901,80.42,78,0,12.66,MX,2022-03-11 23:06:42,clear sky
123,Vestmannaeyjar,63.4427,-20.2734,42.08,63,100,13.8,IS,2022-03-11 23:11:28,overcast clouds
124,Tokonou,9.65,-9.7833,81.32,18,94,2.84,GN,2022-03-11 23:11:28,overcast clouds
125,New Norfolk,-42.7826,147.0587,65.91,61,16,1.01,AU,2022-03-11 23:11:29,few clouds
126,Karpogory,64.0019,44.4451,27.07,98,100,4.7,RU,2022-03-11 23:11:29,light snow
127,East London,-33.0153,27.9116,74.14,87,15,17.56,ZA,2022-03-11 23:11:30,few clouds
128,Faya,18.3851,42.4509,57.72,71,35,2.46,SA,2022-03-11 23:11:30,scattered clouds
129,Matiguas,12.8373,-85.4622,88.99,35,23,12.26,NI,2022-03-11 23:11:31,few clouds
130,Fort Wayne,41.1306,-85.1289,30.15,66,100,12.66,US,2022-03-11 23:11:31,overcast clouds
131,Nikolskoye,59.7035,30.7861,32.88,97,100,4.16,RU,2022-03-11 23:05:29,overcast clouds
132,Provideniya,64.3833,-173.3,25.57,56,0,10.13,RU,2022-03-11 23:11:32,clear sky
133,Celestun,20.8667,-90.4,82.2,71,4,7.34,MX,2022-03-11 23:11:32,clear sky
134,Priekule,56.4468,21.5897,24.12,69,92,4.99,LV,2022-03-11 23:11:32,overcast clouds
135,Kavaratti,10.5669,72.642,81.55,74,4,4.43,IN,2022-03-11 23:11:33,clear sky
136,Vila Velha,-20.3297,-40.2925,80.55,85,20,11.5,BR,2022-03-11 23:07:54,few clouds
137,Airai,-8.9266,125.4092,63.82,90,85,1.81,TL,2022-03-11 23:12:33,overcast clouds
138,Kayerkan,69.3497,87.7602,-24.56,98,99,6.69,RU,2022-03-11 23:12:34,overcast clouds
139,Richards Bay,-28.783,32.0377,72.46,92,35,4.03,ZA,2022-03-11 23:12:34,scattered clouds
140,Abu Samrah,35.3029,37.1841,38.7,82,87,20.56,SY,2022-03-11 23:12:35,overcast clouds
141,Grindavik,63.8424,-22.4338,36.07,87,75,19.57,IS,2022-03-11 23:12:35,broken clouds
142,Saskylakh,71.9167,114.0833,-20.0,98,100,3.44,RU,2022-03-11 23:12:36,overcast clouds
143,Mizdah,31.4451,12.9801,50.59,47,0,5.46,LY,2022-03-11 23:12:36,clear sky
144,Bengkulu,-3.8004,102.2655,75.15,89,99,4.25,ID,2022-03-11 23:12:36,overcast clouds
145,Labuhan,-6.8844,112.2051,78.17,87,100,4.72,ID,2022-03-11 23:12:37,light rain
146,Ponta Do Sol,32.6667,-17.1,62.06,71,93,1.14,PT,2022-03-11 23:12:38,overcast clouds
147,Ribeira Grande,38.5167,-28.7,59.92,80,100,16.62,PT,2022-03-11 23:08:29,overcast clouds
148,Yar-Sale,66.8333,70.8333,-6.84,100,79,11.45,RU,2022-03-11 23:12:38,broken clouds
149,Chokwe,-24.5333,32.9833,72.43,93,13,5.44,MZ,2022-03-11 23:12:39,light rain
150,Sorong,-0.8833,131.25,79.75,81,100,3.89,ID,2022-03-11 23:12:39,overcast clouds
151,Marsh Harbour,26.5412,-77.0636,76.62,80,0,13.62,BS,2022-03-11 23:12:40,clear sky
152,Lazaro Cardenas,17.9583,-102.2,81.23,53,93,14.25,MX,2022-03-11 23:12:40,overcast clouds
153,Dingle,10.9995,122.6711,77.59,88,78,4.54,PH,2022-03-11 23:10:36,broken clouds
154,Victoria,22.2855,114.1577,72.18,87,5,5.99,HK,2022-03-11 23:09:30,clear sky
155,Fairbanks,64.8378,-147.7164,24.82,33,0,6.91,US,2022-03-11 23:09:47,clear sky
156,Fez,34.0372,-4.9998,53.85,100,75,4.61,MA,2022-03-11 23:12:41,broken clouds
157,Alofi,-19.0595,-169.9187,81.7,74,98,13.29,NU,2022-03-11 23:12:41,light rain
158,Outlook,51.5001,-107.0513,5.77,83,100,7.96,CA,2022-03-11 23:12:42,overcast clouds
159,Lebu,-37.6167,-73.65,60.28,86,0,18.23,CL,2022-03-11 23:05:31,clear sky
160,Pevek,69.7008,170.3133,0.1,80,1,0.76,RU,2022-03-11 23:12:42,clear sky
161,Clarksdale,34.2001,-90.5709,44.58,70,100,27.63,US,2022-03-11 23:12:43,overcast clouds
162,Riyadh,24.6877,46.7219,68.14,30,65,13.62,SA,2022-03-11 23:10:59,broken clouds
163,Mount Gambier,-37.8333,140.7667,59.14,58,0,6.33,AU,2022-03-11 23:12:43,clear sky
164,Talnakh,69.4865,88.3972,-24.81,98,82,8.66,RU,2022-03-11 23:12:44,broken clouds
165,Kahului,20.8947,-156.47,87.82,45,0,24.16,US,2022-03-11 23:12:44,clear sky
166,Muros,42.7762,-9.0603,44.1,93,45,9.04,ES,2022-03-11 23:12:45,scattered clouds
167,Kapenguria,1.2511,35.0895,57.47,52,56,6.51,KE,2022-03-11 23:12:45,broken clouds
168,Havre-Saint-Pierre,50.2334,-63.5986,10.72,80,40,7.67,CA,2022-03-11 23:12:46,scattered clouds
169,Olafsvik,64.8945,-23.7142,39.61,76,62,20.74,IS,2022-03-11 23:09:23,broken clouds
170,Tuktoyaktuk,69.4541,-133.0374,-8.43,92,100,13.94,CA,2022-03-11 23:12:46,overcast clouds
171,San Mariano,7.5,126.0,74.68,89,99,1.88,PH,2022-03-11 23:12:47,overcast clouds
172,Jalu,29.0331,21.5482,54.32,42,52,5.84,LY,2022-03-11 23:12:47,broken clouds
173,Port Macquarie,-31.4333,152.9167,71.89,70,57,2.84,AU,2022-03-11 23:10:53,broken clouds
174,Norman Wells,65.282,-126.8329,-6.36,87,98,7.7,CA,2022-03-11 23:12:48,overcast clouds
175,Palmer,42.1584,-72.3287,48.61,40,75,9.22,US,2022-03-11 23:12:48,broken clouds
176,Miyako,39.6367,141.9525,45.39,55,30,6.46,JP,2022-03-11 23:12:49,scattered clouds
177,Vostok,46.4856,135.8833,18.75,88,97,3.89,RU,2022-03-11 23:12:49,overcast clouds
178,Diffa,13.3154,12.6113,76.71,21,53,11.95,NE,2022-03-11 23:13:49,broken clouds
179,Port Elizabeth,-33.918,25.5701,72.14,88,44,17.25,ZA,2022-03-11 23:13:50,scattered clouds
180,Benghazi,32.1167,20.0667,55.6,59,20,7.49,LY,2022-03-11 23:13:50,few clouds
181,Luderitz,-26.6481,15.1594,67.3,82,4,5.82,NA,2022-03-11 23:13:51,clear sky
182,Sao Filipe,14.8961,-24.4956,73.53,66,27,11.18,CV,2022-03-11 23:13:51,scattered clouds
183,Xingcheng,40.6167,120.7167,39.69,49,100,4.81,CN,2022-03-11 23:13:52,overcast clouds
184,Arica,-18.475,-70.3042,74.75,73,0,8.05,CL,2022-03-11 23:09:32,clear sky
185,Constitucion,-35.3333,-72.4167,61.02,76,0,6.04,CL,2022-03-11 23:13:52,clear sky
186,Kandi,11.1342,2.9386,86.88,14,41,3.85,BJ,2022-03-11 23:13:53,scattered clouds
187,Ahuimanu,21.4447,-157.8378,87.51,61,40,14.97,US,2022-03-11 23:13:53,scattered clouds
188,Korla,41.7597,86.1469,46.63,34,61,3.98,CN,2022-03-11 23:13:53,broken clouds
189,Pandan,14.0453,124.1694,77.9,89,96,6.42,PH,2022-03-11 23:13:54,overcast clouds
190,Whitecourt,54.1502,-115.6855,35.64,81,100,4.0,CA,2022-03-11 23:13:54,overcast clouds
191,Sal Rei,16.1833,-22.9167,70.57,77,3,21.54,CV,2022-03-11 23:13:55,clear sky
192,Tasiilaq,65.6145,-37.6368,32.16,83,100,24.4,GL,2022-03-11 23:13:55,overcast clouds
193,Corinto,37.9407,22.9573,38.41,72,59,1.86,GR,2022-03-11 23:13:55,broken clouds
194,Chipata,-13.6333,32.65,63.07,96,99,4.12,ZM,2022-03-11 23:13:56,overcast clouds
195,Fort Nelson,58.8053,-122.7002,17.4,91,100,5.37,CA,2022-03-11 23:13:56,light snow
196,Vestmanna,62.1564,-7.1664,43.72,87,100,28.77,FO,2022-03-11 23:13:57,overcast clouds
197,Thinadhoo,0.5333,72.9333,81.86,72,6,1.39,MV,2022-03-11 23:13:58,clear sky
198,The Valley,18.217,-63.0578,78.82,77,10,22.01,AI,2022-03-11 23:09:10,clear sky
199,Kiunga,-6.1219,141.2906,76.14,93,100,0.76,PG,2022-03-11 23:13:58,overcast clouds
200,Ambilobe,-13.2,49.05,72.82,96,100,2.1,MG,2022-03-11 23:13:59,overcast clouds
201,Ushtobe,45.2514,77.9838,47.93,90,100,12.44,KZ,2022-03-11 23:13:59,moderate rain
202,Balkhash,46.844,74.9804,28.65,88,100,10.22,KZ,2022-03-11 23:13:59,overcast clouds
203,Markova,48.6758,24.4138,16.27,81,66,3.6,UA,2022-03-11 23:14:00,broken clouds
204,Igarka,67.4667,86.5833,-22.45,100,99,5.3,RU,2022-03-11 23:14:00,overcast clouds
205,Yumen,40.2833,97.2,44.6,29,99,3.09,CN,2022-03-11 23:14:01,overcast clouds
206,Severo-Kurilsk,50.6789,156.125,32.14,93,100,3.51,RU,2022-03-11 23:14:01,light snow
207,Kodiak,57.79,-152.4072,42.31,81,100,9.22,US,2022-03-11 23:10:15,light rain
208,Maniitsoq,65.4167,-52.9,-7.83,95,64,7.63,GL,2022-03-11 23:14:02,broken clouds
209,Antalaha,-14.9003,50.2788,74.07,93,100,6.04,MG,2022-03-11 23:14:02,light rain
210,Shingu,33.7333,135.9833,57.81,68,22,4.16,JP,2022-03-11 23:14:03,few clouds
211,Pozo Colorado,-23.4923,-58.7972,69.51,96,100,6.64,PY,2022-03-11 23:14:03,overcast clouds
212,Abu Dhabi,24.4667,54.3667,80.71,34,0,4.61,AE,2022-03-11 23:14:03,clear sky
213,Hamilton,39.1834,-84.5333,35.64,85,100,16.11,US,2022-03-11 23:14:04,mist
214,Port Augusta,-32.5,137.7667,75.36,24,33,6.08,AU,2022-03-11 23:14:04,scattered clouds
215,Queanbeyan,-35.35,149.2333,67.6,69,75,5.75,AU,2022-03-11 23:14:05,broken clouds
216,Maiduguri,11.8464,13.1603,76.62,22,39,8.59,NG,2022-03-11 23:14:05,scattered clouds
217,Brae,60.3964,-1.353,43.32,82,84,36.39,GB,2022-03-11 23:14:05,broken clouds
218,Gravenhurst,44.9168,-79.3663,27.55,97,100,5.35,CA,2022-03-11 23:14:06,snow
219,Aracaju,-10.9111,-37.0717,80.55,74,40,5.75,BR,2022-03-11 23:14:06,scattered clouds
220,Yakeshi,49.2833,120.7333,15.35,81,100,11.41,CN,2022-03-11 23:14:07,overcast clouds
221,Carnarvon,-24.8667,113.6333,75.27,88,2,6.91,AU,2022-03-11 23:11:07,clear sky
222,Half Moon Bay,37.4636,-122.4286,75.6,52,0,10.36,US,2022-03-11 23:14:07,clear sky
223,Chuy,-33.6971,-53.4616,63.34,66,57,10.2,UY,2022-03-11 23:15:08,broken clouds
224,Lerwick,60.1545,-1.1494,44.6,82,81,38.95,GB,2022-03-11 23:15:08,broken clouds
225,Olbia,40.9214,9.4856,46.45,81,0,2.3,IT,2022-03-11 23:15:08,clear sky
226,Naze,28.3667,129.4833,60.58,62,0,6.76,JP,2022-03-11 23:15:09,clear sky
227,Atambua,-9.1061,124.8925,76.1,88,43,2.8,ID,2022-03-11 23:13:18,scattered clouds
228,Esterhazy,50.65,-102.0843,-1.35,87,11,11.72,CA,2022-03-11 23:15:10,few clouds
229,Katsuura,35.1333,140.3,55.72,54,0,6.87,JP,2022-03-11 23:15:10,clear sky
230,Babu,24.4167,111.5167,70.25,76,98,2.62,CN,2022-03-11 23:15:11,overcast clouds
231,Cabo San Lucas,22.8909,-109.9124,76.6,57,0,8.05,MX,2022-03-11 23:15:11,clear sky
232,Bhag,29.0415,67.8239,79.39,34,1,2.15,PK,2022-03-11 23:15:12,clear sky
233,Lata,40.1629,-8.3327,47.07,94,14,2.35,PT,2022-03-11 23:15:12,few clouds
234,Magalia,39.8121,-121.5783,63.95,32,7,1.99,US,2022-03-11 23:11:18,clear sky
235,Buala,-8.145,159.5921,84.02,72,83,4.88,SB,2022-03-11 23:15:13,light rain
236,Broome,42.2506,-75.833,47.35,67,20,6.91,US,2022-03-11 23:15:13,few clouds
237,Belmonte,-15.8631,-38.8828,78.33,81,20,6.22,BR,2022-03-11 23:15:14,few clouds
238,Morgan City,29.6994,-91.2068,72.0,88,100,5.75,US,2022-03-11 23:14:37,overcast clouds
239,Popondetta,-8.7537,148.2534,85.1,63,100,1.07,PG,2022-03-11 23:15:14,overcast clouds
240,Parsons,37.3403,-95.2611,34.09,63,100,12.37,US,2022-03-11 23:15:15,overcast clouds
241,Codrington,-38.2667,141.9667,58.96,61,2,7.52,AU,2022-03-11 23:15:15,clear sky
242,Trincomalee,8.5711,81.2335,79.74,81,75,6.06,LK,2022-03-11 23:15:15,broken clouds
243,Pendleton,45.6721,-118.7886,61.39,32,100,3.44,US,2022-03-11 23:12:49,overcast clouds
244,Pacifica,37.6138,-122.4869,75.42,52,20,10.36,US,2022-03-11 23:14:23,few clouds
245,Salinopolis,-0.6136,-47.3561,74.35,94,100,3.76,BR,2022-03-11 23:14:34,overcast clouds
246,Pala,9.3642,14.9046,80.74,18,40,5.86,TD,2022-03-11 23:15:16,scattered clouds
247,Khatanga,71.9667,102.5,-28.91,99,95,5.19,RU,2022-03-11 23:15:17,overcast clouds
248,Fortuna,40.5982,-124.1573,64.85,68,0,13.8,US,2022-03-11 23:15:17,clear sky
249,Kurumkan,54.3,110.3,-1.84,88,100,4.45,RU,2022-03-11 23:15:18,overcast clouds
250,Gizo,-8.103,156.8419,83.79,65,99,4.54,SB,2022-03-11 23:15:18,overcast clouds
251,Namatanai,-3.6667,152.4333,84.0,62,95,5.12,PG,2022-03-11 23:15:19,overcast clouds
252,Kenai,60.5544,-151.2583,41.02,90,100,4.61,US,2022-03-11 23:15:19,overcast clouds
253,Skjervoy,70.0311,20.9714,39.36,91,100,13.09,NO,2022-03-11 23:15:20,overcast clouds
254,Ixtapa,20.7,-105.2,74.43,64,0,13.8,MX,2022-03-11 23:15:21,clear sky
255,Barentu,15.1139,37.5928,69.78,64,58,4.65,ER,2022-03-11 23:15:21,broken clouds
256,Kholodnyy,62.7167,147.95,-0.56,94,100,2.46,RU,2022-03-11 23:15:22,overcast clouds
257,Warmbad,-28.45,18.7333,77.32,62,81,7.94,NA,2022-03-11 23:15:22,broken clouds
258,Magaramkent,41.6159,48.348,31.03,94,92,3.27,RU,2022-03-11 23:15:23,overcast clouds
259,Tieling,42.2931,123.8414,37.85,35,100,4.92,CN,2022-03-11 23:15:23,overcast clouds
260,Concepcion Del Oro,24.6333,-101.4167,71.38,5,11,17.67,MX,2022-03-11 23:15:23,few clouds
261,Terrace,54.5163,-128.6035,40.91,93,100,16.11,CA,2022-03-11 23:15:24,overcast clouds
262,Rozkishne,48.5074,39.3004,17.24,81,99,11.39,UA,2022-03-11 23:15:24,overcast clouds
263,Pundaguitan,6.3711,126.1689,82.56,76,100,7.99,PH,2022-03-11 23:15:25,overcast clouds
264,Lasa,46.6166,10.7002,35.37,98,100,4.16,IT,2022-03-11 23:15:25,overcast clouds
265,Mersing,2.4312,103.8405,78.71,83,37,5.75,MY,2022-03-11 23:15:25,scattered clouds
266,Guarapari,-20.6667,-40.4975,79.9,85,31,11.34,BR,2022-03-11 23:15:26,scattered clouds
267,Itoman,26.1247,127.6694,66.97,72,20,6.91,JP,2022-03-11 23:15:26,few clouds
268,Kupang,-10.1667,123.5833,78.48,83,56,5.46,ID,2022-03-11 23:15:27,broken clouds
269,Longwy,49.5194,5.7688,49.6,74,100,5.99,FR,2022-03-11 23:16:27,overcast clouds
270,Cidreira,-30.1811,-50.2056,69.84,78,100,13.69,BR,2022-03-11 23:15:37,overcast clouds
271,Gat,31.61,34.7642,49.08,100,100,11.95,IL,2022-03-11 23:12:05,overcast clouds
272,Mahebourg,-20.4081,57.7,77.29,94,75,5.75,MU,2022-03-11 23:16:28,broken clouds
273,Bandarbeyla,9.4942,50.8122,76.03,73,90,9.6,SO,2022-03-11 23:16:28,overcast clouds
274,Port Hedland,-20.3167,118.5667,82.45,57,4,6.91,AU,2022-03-11 23:16:29,clear sky
275,Kaabong,3.4836,34.1492,70.14,49,80,8.3,UG,2022-03-11 23:16:29,broken clouds
276,Neiafu,-18.65,-173.9833,84.88,79,75,10.36,TO,2022-03-11 23:16:30,broken clouds
277,Eureka,40.8021,-124.1637,65.12,66,13,7.0,US,2022-03-11 23:15:53,few clouds
278,Kitgum,3.2783,32.8867,76.17,42,70,5.68,UG,2022-03-11 23:16:30,broken clouds
279,Mecca,21.4267,39.8261,67.23,56,0,6.64,SA,2022-03-11 23:16:31,clear sky
280,Carballo,43.213,-8.691,46.51,86,50,5.61,ES,2022-03-11 23:12:48,scattered clouds
281,Hambantota,6.1241,81.1185,77.58,83,31,4.61,LK,2022-03-11 23:16:31,scattered clouds
282,Wagar,16.1525,36.2032,70.57,66,28,14.81,SD,2022-03-11 23:16:32,scattered clouds
283,Aklavik,68.2191,-135.0107,-1.59,89,100,4.27,CA,2022-03-11 23:16:32,overcast clouds
284,Amot,59.5714,7.9877,18.77,97,95,3.31,NO,2022-03-11 23:16:33,overcast clouds
285,Erzin,36.9559,36.2,34.84,69,36,4.99,TR,2022-03-11 23:16:33,scattered clouds
286,Oktyabrskoye,43.0645,44.7417,24.94,86,100,2.24,RU,2022-03-11 23:16:33,light snow
287,Dhangadhi,28.7079,80.5961,61.95,44,0,3.0,NP,2022-03-11 23:16:34,clear sky
288,Paamiut,61.994,-49.6678,1.94,95,94,17.43,GL,2022-03-11 23:16:34,overcast clouds
289,Anadyr,64.75,177.4833,4.12,73,0,2.37,RU,2022-03-11 23:16:35,clear sky
290,Waingapu,-9.6567,120.2641,79.86,85,44,4.29,ID,2022-03-11 23:16:35,scattered clouds
291,Kholmogory,64.2229,41.656,23.32,98,100,3.67,RU,2022-03-11 23:16:36,overcast clouds
292,Hobyo,5.3505,48.5268,77.25,69,92,12.91,SO,2022-03-11 23:16:36,overcast clouds
293,Port Shepstone,-30.7414,30.455,73.17,87,4,13.38,ZA,2022-03-11 23:16:36,clear sky
294,Alzey,49.7517,8.1161,46.08,33,100,2.82,DE,2022-03-11 23:16:37,overcast clouds
295,Sourpi,39.1,22.9,36.46,74,20,0.0,GR,2022-03-11 23:16:37,few clouds
296,Morrope,-6.5417,-80.0111,75.31,62,12,16.67,PE,2022-03-11 23:16:38,few clouds
297,Bathsheba,13.2167,-59.5167,79.41,69,20,19.57,BB,2022-03-11 23:11:39,few clouds
298,Los Llanos De Aridane,28.6585,-17.9182,59.13,92,0,8.05,ES,2022-03-11 23:16:38,clear sky
299,Beyneu,45.3167,55.2,40.19,81,100,12.97,KZ,2022-03-11 23:16:39,overcast clouds
300,Liling,27.6667,113.5,64.56,82,60,3.51,CN,2022-03-11 23:16:39,broken clouds
301,Sandnessjoen,66.0217,12.6316,44.65,69,2,5.01,NO,2022-03-11 23:16:40,clear sky
302,Altamont,42.2068,-121.7372,60.64,12,0,0.0,US,2022-03-11 23:16:40,clear sky
303,Natal,-5.795,-35.2094,81.25,78,20,10.36,BR,2022-03-11 23:12:31,few clouds
304,Yulara,-25.2406,130.9889,75.04,23,0,12.66,AU,2022-03-11 23:16:40,clear sky
305,Lagunas,-5.2269,-75.6753,78.22,88,53,1.99,PE,2022-03-11 23:16:41,broken clouds
306,Lompoc,34.6391,-120.4579,74.7,21,0,13.8,US,2022-03-11 23:16:41,clear sky
307,Oga,46.4631,10.347,29.8,95,100,6.08,IT,2022-03-11 23:16:42,overcast clouds
308,Klaksvik,62.2266,-6.589,45.52,92,100,39.97,FO,2022-03-11 23:16:42,overcast clouds
309,San Juan De Los Lagos,21.25,-102.3,80.56,8,0,19.28,MX,2022-03-11 23:16:43,clear sky
310,Kangaatsiaq,68.3065,-53.4641,-10.07,99,100,6.26,GL,2022-03-11 23:16:43,overcast clouds
311,Sambava,-14.2667,50.1667,74.95,92,100,5.66,MG,2022-03-11 23:16:43,light rain
312,Tiksi,71.6872,128.8694,-11.52,93,100,7.85,RU,2022-03-11 23:16:44,overcast clouds
313,Joshimath,30.5667,79.5667,42.87,32,0,12.33,IN,2022-03-11 23:16:44,clear sky
314,Alanya,36.5438,31.9998,44.73,50,20,9.06,TR,2022-03-11 23:16:45,few clouds
315,Quatre Cocos,-20.2078,57.7625,77.11,85,43,10.76,MU,2022-03-11 23:17:45,light rain
316,Tazovskiy,67.4667,78.7,-19.21,100,28,8.05,RU,2022-03-11 23:17:45,scattered clouds
317,Neuquen,-38.9516,-68.0591,75.09,31,0,5.75,AR,2022-03-11 23:16:56,clear sky
318,Roald,62.5833,6.1333,48.34,34,0,11.5,NO,2022-03-11 23:17:46,clear sky
319,Borogontsy,62.6683,131.1683,-10.86,100,100,1.3,RU,2022-03-11 23:17:46,overcast clouds
320,Saint-Denis,48.9167,2.3333,48.97,86,75,12.66,FR,2022-03-11 23:17:47,broken clouds
321,Santa Cruz,-17.8,-63.1667,75.25,64,75,13.8,BO,2022-03-11 23:17:47,broken clouds
322,Kisangani,0.5167,25.2,69.51,99,100,2.62,CD,2022-03-11 23:17:48,overcast clouds
323,Tonj,7.2737,28.6822,84.25,36,9,4.32,SS,2022-03-11 23:17:48,clear sky
324,Georgetown,5.4112,100.3354,80.53,92,20,2.3,MY,2022-03-11 23:16:44,few clouds
325,Vieste,41.8825,16.175,42.03,41,0,2.8,IT,2022-03-11 23:17:49,clear sky
326,Dezful,32.3811,48.4058,59.16,36,7,2.39,IR,2022-03-11 23:17:49,clear sky
327,Matara,5.9485,80.5353,76.32,88,89,2.24,LK,2022-03-11 23:17:50,overcast clouds
328,Bontang,0.1333,117.5,77.56,88,97,3.6,ID,2022-03-11 23:17:50,overcast clouds
329,Kita,13.0349,-9.4895,86.5,12,22,7.36,ML,2022-03-11 23:17:50,few clouds
330,Coquimbo,-29.9533,-71.3436,60.53,88,20,11.5,CL,2022-03-11 23:17:51,few clouds
331,Le Port,-20.9373,55.2919,76.96,69,54,1.54,RE,2022-03-11 23:17:51,broken clouds
332,Douentza,14.9951,-2.9517,80.53,12,37,6.29,ML,2022-03-11 23:17:52,scattered clouds
333,Namikupa,-10.8333,39.6,70.84,97,99,3.49,TZ,2022-03-11 23:17:52,overcast clouds
334,Clyde River,70.4692,-68.5914,-25.37,75,0,2.3,CA,2022-03-11 23:17:52,clear sky
335,Geraldton,-28.7667,114.6,68.41,94,29,3.44,AU,2022-03-11 23:17:53,light rain
336,Dubti,11.7361,41.0853,76.26,63,73,11.32,ET,2022-03-11 23:17:53,broken clouds
337,Goderich,43.7501,-81.7165,26.91,80,100,9.22,CA,2022-03-11 23:17:54,overcast clouds
338,Bilibino,68.0546,166.4372,12.22,57,0,2.26,RU,2022-03-11 23:17:54,clear sky
339,Tortoli,39.9256,9.6572,51.62,76,40,8.05,IT,2022-03-11 23:17:54,scattered clouds
340,Pingliang,35.5392,106.6861,50.25,37,100,6.49,CN,2022-03-11 23:14:41,overcast clouds
341,Hashtgerd,35.9642,50.6858,44.44,50,0,3.02,IR,2022-03-11 23:17:55,clear sky
342,Touros,-5.1989,-35.4608,80.56,72,100,10.45,BR,2022-03-11 23:15:10,overcast clouds
343,Nelson Bay,-32.7167,152.15,70.0,82,23,1.01,AU,2022-03-11 23:17:56,few clouds
344,Mehriz,31.5917,54.4318,72.1,27,57,25.12,IR,2022-03-11 23:17:33,broken clouds
345,Kendari,-3.945,122.4989,76.59,95,61,2.59,ID,2022-03-11 23:17:56,broken clouds
346,Vardo,70.3705,31.1107,32.65,76,83,14.72,NO,2022-03-11 23:17:57,broken clouds
347,Mangai,-4.05,19.5333,70.2,97,99,2.91,CD,2022-03-11 23:17:57,light rain
348,Yilan,24.757,121.753,71.46,99,98,4.41,TW,2022-03-11 23:17:58,overcast clouds
349,San Cristobal,7.7669,-72.225,71.78,95,92,2.86,VE,2022-03-11 23:15:02,overcast clouds
350,Ayagoz,47.9714,80.4392,20.79,95,100,8.86,KZ,2022-03-11 23:17:58,light snow
351,Kununurra,-15.7667,128.7333,75.18,94,75,6.91,AU,2022-03-11 23:17:59,broken clouds
352,Soyo,-6.1349,12.3689,80.02,86,100,7.85,AO,2022-03-11 23:18:00,moderate rain
353,Hammerfest,70.6634,23.6821,34.25,100,75,2.3,NO,2022-03-11 23:18:00,light snow
354,Igrim,63.1906,64.4162,4.62,92,100,10.69,RU,2022-03-11 23:18:01,overcast clouds
355,Carbonia,39.1672,8.5222,54.25,83,100,10.54,IT,2022-03-11 23:14:55,overcast clouds
356,Darnah,32.767,22.6367,50.77,70,98,6.55,LY,2022-03-11 23:18:02,overcast clouds
357,Padilla,3.2204,-76.3139,69.37,90,74,0.89,CO,2022-03-11 23:18:02,broken clouds
358,Puerto Madryn,-42.7692,-65.0385,68.25,48,0,17.13,AR,2022-03-11 23:18:02,clear sky
359,Dubbo,-32.25,148.6167,71.73,60,40,14.97,AU,2022-03-11 23:18:03,scattered clouds
360,Pelotas,-31.7719,-52.3425,61.86,81,81,5.06,BR,2022-03-11 23:18:03,light rain
361,Karratha,-20.7377,116.8463,85.41,57,1,4.85,AU,2022-03-11 23:18:04,clear sky
362,Jaru,-10.4389,-62.4664,75.81,94,74,2.68,BR,2022-03-11 23:19:04,light rain
363,Sao Felix Do Xingu,-6.6447,-51.995,71.13,98,100,2.33,BR,2022-03-11 23:19:05,overcast clouds
364,Zhigansk,66.7697,123.3711,-3.55,99,100,6.33,RU,2022-03-11 23:19:05,overcast clouds
365,Seremban,2.7297,101.9381,76.51,95,98,2.75,MY,2022-03-11 23:17:04,overcast clouds
366,San Matias,-16.3667,-58.4,76.3,89,92,3.58,BO,2022-03-11 23:19:06,heavy intensity rain
367,Turayf,31.6725,38.6637,39.45,87,40,11.5,SA,2022-03-11 23:19:06,scattered clouds
368,Gouyave,12.1646,-61.7296,77.79,74,9,21.32,GD,2022-03-11 23:19:07,clear sky
369,Nauta,-4.5061,-73.5757,75.88,94,100,1.48,PE,2022-03-11 23:19:07,overcast clouds
370,Phalaborwa,-23.943,31.1411,72.68,88,6,7.74,ZA,2022-03-11 23:19:08,clear sky
371,Orlovskiy,46.8714,42.0592,22.12,73,100,12.55,RU,2022-03-11 23:19:08,overcast clouds
372,Frontera,26.9333,-101.45,62.44,33,0,20.09,MX,2022-03-11 23:19:08,clear sky
373,Menongue,-14.6585,17.691,64.76,98,100,2.75,AO,2022-03-11 23:19:09,moderate rain
374,Baleshwar,21.4942,86.9317,72.68,31,79,5.61,IN,2022-03-11 23:19:09,broken clouds
375,Dwarka,22.2394,68.9678,76.69,67,0,12.97,IN,2022-03-11 23:19:10,clear sky
376,Havelock,34.8791,-76.9013,57.18,93,100,4.61,US,2022-03-11 23:19:10,light rain
377,Cobija,-11.0267,-68.7692,74.8,97,100,2.33,BO,2022-03-11 23:19:10,very heavy rain
378,Atar,20.5169,-13.0499,72.09,9,0,9.17,MR,2022-03-11 23:19:11,clear sky
379,Novobureyskiy,49.798,129.8774,4.12,99,88,1.5,RU,2022-03-11 23:19:11,overcast clouds
380,San Policarpo,12.1791,125.5072,79.83,84,100,7.18,PH,2022-03-11 23:19:12,overcast clouds
381,Valenca,-13.3703,-39.0731,74.66,92,78,2.39,BR,2022-03-11 23:19:12,broken clouds
382,Kyzyl-Suu,42.3414,78.0056,37.26,79,100,2.89,KG,2022-03-11 23:19:12,light rain
383,Inhambane,-23.865,35.3833,75.25,89,9,10.0,MZ,2022-03-11 23:19:13,light rain
384,Westport,41.1415,-73.3579,46.27,63,0,8.05,US,2022-03-11 23:16:53,clear sky
385,Zomin,39.9606,68.3958,49.91,82,81,1.81,UZ,2022-03-11 23:19:13,light rain
386,Smirnykh,49.75,142.8333,26.89,94,100,6.67,RU,2022-03-11 23:19:14,snow
387,Praia,14.9215,-23.5087,70.34,73,40,17.27,CV,2022-03-11 23:19:14,scattered clouds
388,Zhangjiakou,40.81,114.8794,33.84,88,100,2.42,CN,2022-03-11 23:19:15,overcast clouds
389,Morro Bay,35.3658,-120.8499,76.41,38,0,5.99,US,2022-03-11 23:19:15,clear sky
390,Ha Giang,22.8333,104.9833,67.87,97,100,1.83,VN,2022-03-11 23:19:16,overcast clouds
391,Sibolga,1.7427,98.7792,75.81,84,17,3.31,ID,2022-03-11 23:19:16,few clouds
392,Tromso,69.6496,18.957,39.38,87,100,18.41,NO,2022-03-11 23:15:48,overcast clouds
393,Sawang Daen Din,17.4753,103.4575,73.18,92,29,6.67,TH,2022-03-11 23:19:17,scattered clouds
394,Petropavlovsk-Kamchatskiy,53.0452,158.6483,30.79,80,75,2.24,RU,2022-03-11 23:19:17,broken clouds
395,Miranda Do Corvo,40.0932,-8.3326,46.65,94,15,1.9,PT,2022-03-11 23:19:17,few clouds
396,Krasnorechenskiy,44.6265,135.3532,22.66,85,56,10.89,RU,2022-03-11 23:19:18,broken clouds
397,Saint-Pierre,-21.3393,55.4781,75.9,73,0,6.91,RE,2022-03-11 23:19:19,clear sky
398,Koekelare,51.0937,2.9659,49.93,81,75,13.8,BE,2022-03-11 23:19:19,broken clouds
399,Peachland,49.7665,-119.7357,42.19,60,100,7.56,CA,2022-03-11 23:15:20,overcast clouds
400,Yinchuan,38.4681,106.2731,48.24,30,23,4.21,CN,2022-03-11 23:15:55,few clouds
401,Semey,50.4111,80.2275,11.48,91,100,8.25,KZ,2022-03-11 23:19:20,overcast clouds
402,Berlevag,70.8578,29.0864,32.52,77,95,13.94,NO,2022-03-11 23:19:20,overcast clouds
403,Kieta,-6.2167,155.6333,84.13,59,10,3.94,PG,2022-03-11 23:19:21,clear sky
404,San Carlos De Bariloche,-41.1456,-71.3082,67.75,34,0,5.75,AR,2022-03-11 23:19:21,clear sky
405,Rorvik,64.8621,11.2373,39.72,75,0,8.61,NO,2022-03-11 23:19:21,clear sky
406,Urucui,-7.2294,-44.5561,76.64,88,99,2.62,BR,2022-03-11 23:19:22,moderate rain
407,Khandyga,62.6667,135.6,-14.55,98,94,1.86,RU,2022-03-11 23:20:22,overcast clouds
408,Zyryanka,65.75,150.85,-1.46,90,99,11.05,RU,2022-03-11 23:20:23,overcast clouds
409,Lianran,24.9227,102.485,55.94,51,27,2.89,CN,2022-03-11 23:20:23,scattered clouds
410,Dengzhou,37.8086,120.7508,44.06,80,28,8.14,CN,2022-03-11 23:20:24,scattered clouds
411,Chimala,-8.85,34.0167,64.71,89,100,2.66,TZ,2022-03-11 23:20:24,overcast clouds
412,Inirida,3.8653,-67.9239,79.11,81,97,2.42,CO,2022-03-11 23:20:24,overcast clouds
413,Ridgecrest,35.6225,-117.6709,64.26,5,0,8.05,US,2022-03-11 23:20:25,clear sky
414,Mareeba,-17.0,145.4333,82.44,77,74,4.27,AU,2022-03-11 23:20:25,broken clouds
415,Sao Joao Da Barra,-21.6403,-41.0511,79.09,84,1,16.89,BR,2022-03-11 23:20:26,clear sky
416,Pichataro,19.5667,-101.8,73.02,16,21,7.7,MX,2022-03-11 23:20:26,few clouds
417,Stara Synyava,49.6032,27.6191,22.32,77,27,5.19,UA,2022-03-11 23:20:26,scattered clouds
418,Khandbari,27.3747,87.2039,60.39,37,0,4.61,NP,2022-03-11 23:20:27,clear sky
419,Kissidougou,9.1848,-10.0999,84.24,30,96,5.86,GN,2022-03-11 23:20:27,overcast clouds
420,Marzuq,14.4,46.4667,64.2,21,13,6.2,YE,2022-03-11 23:16:45,few clouds
421,Milove,49.3787,40.1302,8.19,92,55,9.78,UA,2022-03-11 23:20:28,broken clouds
422,Bytow,54.1706,17.4919,29.89,39,16,9.51,PL,2022-03-11 23:20:28,few clouds
423,Ust-Maya,60.4167,134.5333,-5.01,99,100,1.92,RU,2022-03-11 23:20:29,overcast clouds
424,San Rafael Del Sur,11.8485,-86.4384,92.37,40,51,1.95,NI,2022-03-11 23:20:29,broken clouds
425,Gornozavodsk,58.3758,58.3211,-9.04,100,42,2.68,RU,2022-03-11 23:20:30,scattered clouds
426,Tessalit,20.1986,1.0114,72.91,15,0,9.06,ML,2022-03-11 23:20:30,clear sky
427,Kaduqli,11.0167,29.7167,80.44,18,69,11.14,SD,2022-03-11 23:20:30,broken clouds
428,Salalah,17.0151,54.0924,71.69,35,0,3.44,OM,2022-03-11 23:20:31,clear sky
429,Wonthaggi,-38.6044,145.5913,62.82,67,35,2.62,AU,2022-03-11 23:20:31,scattered clouds
430,Tautira,-17.7333,-149.15,80.74,69,27,8.95,PF,2022-03-11 23:20:32,scattered clouds
431,Mubi,10.2676,13.2644,77.14,24,14,5.32,NG,2022-03-11 23:20:32,few clouds
432,Tucurui,-3.7661,-49.6725,73.98,96,100,2.19,BR,2022-03-11 23:20:33,overcast clouds
433,Sakakah,29.9697,40.2064,47.77,52,0,11.61,SA,2022-03-11 23:17:17,clear sky
434,Lubao,14.9167,120.55,78.87,83,91,3.65,PH,2022-03-11 23:20:33,overcast clouds
435,Tarko-Sale,64.9225,77.785,-17.64,100,72,7.76,RU,2022-03-11 23:20:34,broken clouds
436,Hoa Binh,20.8133,105.3383,69.57,90,100,1.61,VN,2022-03-11 23:19:54,overcast clouds
437,Svetlaya,46.5389,138.3297,30.33,68,78,9.51,RU,2022-03-11 23:20:34,broken clouds
438,Batemans Bay,-35.7167,150.1833,68.09,76,89,1.57,AU,2022-03-11 23:19:21,overcast clouds
439,Brigantine,39.4101,-74.3646,45.01,87,0,5.75,US,2022-03-11 23:20:35,clear sky
440,Esmeraldas,-19.7625,-44.3139,77.31,82,7,5.08,BR,2022-03-11 23:20:35,clear sky
441,Isangel,-19.55,169.2667,83.97,68,6,1.28,VU,2022-03-11 23:20:36,clear sky
442,Presidencia Roque Saenz Pena,-26.7852,-60.4388,73.71,56,66,7.25,AR,2022-03-11 23:20:36,broken clouds
443,Chapais,49.7834,-74.8492,17.38,90,99,3.98,CA,2022-03-11 23:20:37,overcast clouds
444,Pangkalanbuun,-2.6833,111.6167,73.69,98,95,2.24,ID,2022-03-11 23:16:07,overcast clouds
445,Saint-Paul,-21.0096,55.2707,77.09,79,62,3.09,RE,2022-03-11 23:20:37,broken clouds
446,Lavrentiya,65.5833,-171.0,16.09,74,1,9.28,RU,2022-03-11 23:20:38,clear sky
447,Grakhovo,56.0502,51.9676,-5.28,100,98,5.1,RU,2022-03-11 23:20:38,overcast clouds
448,Kalmunai,7.4167,81.8167,76.15,88,80,6.64,LK,2022-03-11 23:20:39,broken clouds
449,Sinnamary,5.3833,-52.95,76.71,87,98,10.45,GF,2022-03-11 23:20:39,overcast clouds
450,Asau,46.4333,26.4,22.28,91,100,8.08,RO,2022-03-11 23:20:39,overcast clouds
451,Gamba,-2.65,10.0,76.55,85,99,0.89,GA,2022-03-11 23:20:40,overcast clouds
452,Taltal,-25.4,-70.4833,67.21,75,24,3.94,CL,2022-03-11 23:20:40,few clouds
453,Olinda,-8.0089,-34.8553,82.13,74,20,6.91,BR,2022-03-11 23:20:41,few clouds
454,Kropotkin,45.4375,40.5756,27.16,81,100,13.18,RU,2022-03-11 23:17:09,overcast clouds
455,Peniche,39.3558,-9.3811,50.29,90,15,3.42,PT,2022-03-11 23:18:33,few clouds
456,Laguna,38.421,-121.4238,73.69,22,0,3.0,US,2022-03-11 23:21:41,clear sky
457,Iquitos,-3.7481,-73.2472,82.44,78,40,2.3,PE,2022-03-11 23:21:42,scattered clouds
458,Beausejour,50.0622,-96.5167,1.17,86,100,11.97,CA,2022-03-11 23:21:42,overcast clouds
459,Kollam,8.8833,76.6,76.48,84,4,5.21,IN,2022-03-11 23:21:43,clear sky
460,Roma,43.2128,-75.4557,47.88,66,100,5.75,US,2022-03-11 23:21:21,overcast clouds
461,Lagoa,39.05,-27.9833,58.42,75,100,18.84,PT,2022-03-11 23:21:43,overcast clouds
462,Ilulissat,69.2167,-51.1,5.02,72,75,9.22,GL,2022-03-11 23:21:44,broken clouds
463,Mulege,26.8833,-111.9833,63.64,37,0,20.02,MX,2022-03-11 23:21:22,clear sky
464,Padang,-0.9492,100.3543,77.27,84,94,3.8,ID,2022-03-11 23:17:39,overcast clouds
465,Mandiana,10.6333,-8.6833,83.26,14,97,4.65,GN,2022-03-11 23:21:44,overcast clouds
466,Duki,30.1541,68.5728,65.89,44,19,5.21,PK,2022-03-11 23:21:45,few clouds
467,Kabo,7.6994,18.629,81.0,57,100,3.83,CF,2022-03-11 23:21:45,overcast clouds
468,Narsaq,60.9167,-46.05,7.02,86,98,4.0,GL,2022-03-11 23:21:45,overcast clouds
469,Ciudad Bolivar,8.1222,-63.5497,82.94,64,100,14.83,VE,2022-03-11 23:21:46,overcast clouds
470,Fallon,39.4735,-118.7774,55.45,5,40,3.44,US,2022-03-11 23:21:46,scattered clouds
471,Fayaoue,-20.65,166.5333,81.72,77,24,11.95,NC,2022-03-11 23:21:47,few clouds
472,Sausar,21.65,78.7833,73.18,29,2,5.32,IN,2022-03-11 23:21:47,clear sky
473,Tulun,54.5611,100.5792,0.97,99,100,2.08,RU,2022-03-11 23:17:12,overcast clouds
474,Avera,33.194,-82.5271,56.37,93,100,6.17,US,2022-03-11 23:21:48,overcast clouds
475,Kamaishi,39.2667,141.8833,44.4,63,26,10.2,JP,2022-03-11 23:21:48,scattered clouds
476,Gigmoto,13.7796,124.39,79.34,86,88,5.1,PH,2022-03-11 23:21:49,overcast clouds
477,Konigs Wusterhausen,52.3014,13.633,37.06,43,0,10.36,DE,2022-03-11 23:21:49,clear sky
478,Sarangani,5.4033,125.4636,83.21,78,87,15.37,PH,2022-03-11 23:21:50,overcast clouds
479,Aksum,14.1245,38.7244,60.67,38,85,8.21,ET,2022-03-11 23:21:33,overcast clouds
480,Okhotsk,59.3833,143.3,7.95,78,98,17.29,RU,2022-03-11 23:21:50,overcast clouds
481,Preobrazheniye,42.9019,133.9064,32.63,66,20,8.25,RU,2022-03-11 23:21:51,few clouds
482,Veraval,20.9,70.3667,77.79,41,0,8.19,IN,2022-03-11 23:21:51,clear sky
483,Bourail,-21.5667,165.4833,84.88,63,6,1.28,NC,2022-03-11 23:21:52,clear sky
484,Mitu,1.1983,-70.1733,76.05,91,95,2.62,CO,2022-03-11 23:21:52,overcast clouds
485,Challapata,-18.9,-66.7667,55.83,56,85,3.42,BO,2022-03-11 23:21:53,overcast clouds
486,Rio Gallegos,-51.6226,-69.2181,51.85,54,0,9.22,AR,2022-03-11 23:21:53,clear sky
487,Yenagoa,4.9247,6.2642,78.73,89,99,5.3,NG,2022-03-11 23:21:53,overcast clouds
488,Nekrasovka,48.3525,135.2325,24.82,86,75,11.18,RU,2022-03-11 23:21:54,broken clouds
489,Lewistown,40.5992,-77.5714,56.14,58,20,5.75,US,2022-03-11 23:21:54,few clouds
490,Coos Bay,43.3665,-124.2179,65.32,76,0,8.05,US,2022-03-11 23:21:55,clear sky
491,Khakhea,-24.6895,23.494,72.55,51,72,7.83,BW,2022-03-11 23:21:55,broken clouds
492,Cesme,38.3228,26.3064,36.68,59,82,19.71,TR,2022-03-11 23:21:56,broken clouds
493,Bela,25.9333,81.9833,64.24,41,0,6.06,IN,2022-03-11 23:21:56,clear sky
494,Muriti,-1.9833,32.9167,75.92,72,91,11.21,TZ,2022-03-11 23:21:56,overcast clouds
495,Hayden,47.766,-116.7866,39.97,76,75,5.75,US,2022-03-11 23:17:44,light rain
496,Chabahar,25.2919,60.643,75.04,74,72,2.3,IR,2022-03-11 23:21:57,broken clouds
497,Xai-Xai,-25.0519,33.6442,74.86,91,22,6.15,MZ,2022-03-11 23:21:57,moderate rain
498,Palauig,15.435,119.9045,79.54,77,86,2.93,PH,2022-03-11 23:21:58,overcast clouds
499,Dargaville,-35.9333,173.8833,75.49,52,36,4.65,NZ,2022-03-11 23:21:58,scattered clouds
500,Ajdabiya,30.7554,20.2263,52.95,65,38,4.23,LY,2022-03-11 23:21:59,scattered clouds
501,Sopot,54.4418,18.56,31.87,47,0,4.61,PL,2022-03-11 23:21:59,clear sky
502,Wladyslawowo,54.7909,18.4009,31.93,43,29,9.8,PL,2022-03-11 23:22:00,scattered clouds
503,Alyangula,-13.8483,136.4192,85.37,73,90,2.86,AU,2022-03-11 23:23:00,overcast clouds
504,Hokitika,-42.7167,170.9667,65.01,65,54,13.2,NZ,2022-03-11 23:23:00,broken clouds
505,Tigil,57.8,158.6667,12.96,78,6,2.84,RU,2022-03-11 23:23:01,clear sky
506,Rio Arriba,36.5334,-106.7006,30.79,56,22,10.47,US,2022-03-11 23:23:01,few clouds
507,Soure,-0.7167,-48.5233,75.69,91,100,7.18,BR,2022-03-11 23:23:01,overcast clouds
508,Bilma,18.6853,12.9164,72.09,24,10,9.62,NE,2022-03-11 23:23:02,clear sky
509,Lexington Park,38.2668,-76.4538,53.28,77,40,12.66,US,2022-03-11 23:23:02,scattered clouds
510,Tunceli,39.1083,39.5471,24.49,94,100,3.49,TR,2022-03-11 23:23:03,light snow
511,Batagay-Alyta,67.8006,130.4114,-9.42,91,89,4.27,RU,2022-03-11 23:23:03,overcast clouds
512,Tomatlan,19.9333,-105.25,84.25,38,0,12.37,MX,2022-03-11 23:23:04,clear sky
513,Nizhnevartovsk,60.9344,76.5531,-12.98,84,0,2.24,RU,2022-03-11 23:23:04,clear sky
514,Rio Branco Do Sul,-25.19,-49.3142,75.27,98,85,2.77,BR,2022-03-11 23:23:04,overcast clouds
515,Bollnas,61.3482,16.3946,30.7,74,79,6.53,SE,2022-03-11 23:23:05,broken clouds
516,Melfi,40.9965,15.6514,31.5,76,37,2.75,IT,2022-03-11 23:20:07,scattered clouds
517,Huaicheng,23.9051,112.1931,68.41,75,92,2.21,CN,2022-03-11 23:23:05,overcast clouds
518,Leningradskiy,69.3833,178.4167,6.75,78,1,1.19,RU,2022-03-11 23:23:06,clear sky
519,Maarianhamina,60.0973,19.9348,26.46,93,0,1.14,AX,2022-03-11 23:23:06,clear sky
520,Killybegs,54.6333,-8.45,43.74,89,100,5.44,IE,2022-03-11 23:23:07,overcast clouds
521,Iqaluit,63.7506,-68.5145,-20.47,76,20,4.61,CA,2022-03-11 23:23:07,few clouds
522,Gurdaha,22.7347,88.7594,73.4,33,86,6.82,IN,2022-03-11 23:23:07,overcast clouds
523,Comala,19.3167,-103.75,81.97,39,0,17.27,MX,2022-03-11 23:23:08,clear sky
524,Dejen,10.1667,38.1333,61.2,40,76,4.27,ET,2022-03-11 23:23:08,broken clouds
525,Las Vegas,36.175,-115.1372,64.27,10,0,1.01,US,2022-03-11 23:20:56,clear sky
526,Campo Maior,-4.8278,-42.1686,72.91,99,100,7.29,BR,2022-03-11 23:23:09,moderate rain
527,San Joaquin,37.9333,-121.3011,72.54,17,0,5.75,US,2022-03-11 23:23:09,clear sky
528,Van Buren,35.4368,-94.3483,34.09,60,100,4.61,US,2022-03-11 23:23:10,snow
529,Payo,-3.7508,103.6372,73.17,97,100,0.98,ID,2022-03-11 23:23:10,overcast clouds
530,Mbanza-Ngungu,-5.25,14.8667,68.79,97,100,3.58,CD,2022-03-11 23:23:11,light rain
531,Zhanaozen,43.3,52.8,42.31,85,100,4.81,KZ,2022-03-11 23:23:11,overcast clouds
532,Karasburg,-28.0167,18.75,73.45,63,75,12.77,NA,2022-03-11 23:23:12,broken clouds
533,Buraydah,26.326,43.975,66.65,26,97,10.58,SA,2022-03-11 23:23:12,overcast clouds
534,Boone,39.0334,-92.3335,32.25,48,100,5.01,US,2022-03-11 23:23:12,snow
535,Bennettsville,34.6174,-79.6848,58.08,95,100,5.75,US,2022-03-11 23:23:13,overcast clouds
536,Veere,51.5483,3.6667,52.05,87,100,18.41,NL,2022-03-11 23:23:13,overcast clouds
537,Cruz Alta,-28.6386,-53.6064,61.38,96,100,9.08,BR,2022-03-11 23:23:14,overcast clouds
538,Matamoros,25.5333,-103.25,86.11,4,20,2.3,MX,2022-03-11 23:23:04,few clouds
539,Nome,64.5011,-165.4064,30.27,31,0,18.41,US,2022-03-11 23:21:07,clear sky
540,Tuy Hoa,13.0833,109.3,71.2,87,100,5.48,VN,2022-03-11 23:23:14,overcast clouds
541,Haines Junction,60.7522,-137.5108,30.15,69,100,3.44,CA,2022-03-11 23:23:15,overcast clouds
542,Songea,-10.6833,35.65,63.25,96,95,1.54,TZ,2022-03-11 23:23:15,overcast clouds
543,Shimoda,34.6667,138.95,60.1,54,0,11.41,JP,2022-03-11 23:23:15,clear sky
544,Havoysund,70.9963,24.6622,33.85,93,94,7.34,NO,2022-03-11 23:23:16,overcast clouds
545,Kirakira,-10.4544,161.9205,84.56,71,53,1.43,SB,2022-03-11 23:23:16,broken clouds
546,Hudson Bay,52.85,-102.3842,5.77,80,79,9.6,CA,2022-03-11 23:23:17,broken clouds
547,San Ramon,37.7799,-121.978,75.7,17,0,9.22,US,2022-03-11 23:23:17,clear sky
548,Dakar,14.6937,-17.4441,77.88,69,1,12.95,SN,2022-03-11 23:20:24,clear sky
549,Dobson,36.3957,-80.7226,60.37,70,0,6.91,US,2022-03-11 23:23:18,clear sky
550,Kloulklubed,7.0419,134.2556,81.1,79,91,15.66,PW,2022-03-11 23:23:18,overcast clouds
551,Yashkul,46.1711,45.3435,26.78,68,100,12.55,RU,2022-03-11 23:23:18,overcast clouds
552,Bastrop,32.7562,-91.8724,60.48,67,90,10.0,US,2022-03-11 23:24:19,overcast clouds
553,Boa Esperanca,-21.09,-45.5658,72.93,71,96,2.15,BR,2022-03-11 23:24:19,overcast clouds
554,Kez,57.8979,53.7152,-5.75,100,18,2.33,RU,2022-03-11 23:24:20,few clouds
555,Puerto Maldonado,-12.6,-69.1833,77.4,83,0,1.14,PE,2022-03-11 23:24:20,clear sky
556,Nador,35.174,-2.9287,59.25,77,0,0.0,MA,2022-03-11 23:24:21,clear sky
557,Concepcion,-36.827,-73.0498,69.6,60,0,5.75,CL,2022-03-11 23:24:21,clear sky
558,Conakry,9.538,-13.6773,77.65,69,90,4.16,GN,2022-03-11 23:24:21,overcast clouds
559,Oranjestad,12.524,-70.027,76.95,88,20,18.41,AW,2022-03-11 23:24:22,few clouds
560,Husavik,66.0449,-17.3389,33.15,85,100,9.55,IS,2022-03-11 23:24:22,overcast clouds
561,Alta Floresta,-9.8756,-56.0861,73.89,94,79,1.92,BR,2022-03-11 23:24:22,broken clouds
562,Miles City,46.4083,-105.8406,20.37,42,0,9.22,US,2022-03-11 23:24:23,clear sky
563,Novyy Urengoy,66.0833,76.6333,-15.29,100,63,8.32,RU,2022-03-11 23:24:23,broken clouds
564,Plouzane,48.3833,-4.6167,46.58,84,75,13.8,FR,2022-03-11 23:24:24,broken clouds
565,Straumen,63.8709,11.2999,33.8,93,16,3.0,NO,2022-03-11 23:24:24,few clouds
566,Tripoli,32.8752,13.1875,56.1,55,2,11.27,LY,2022-03-11 23:24:24,clear sky
567,Kansk,56.2017,95.7175,-22.02,100,97,2.48,RU,2022-03-11 23:24:25,overcast clouds
568,Saint-Georges,12.0564,-61.7485,77.95,73,10,18.57,GD,2022-03-11 23:24:25,clear sky
569,Kargasok,59.0556,80.8572,-19.16,100,98,3.71,RU,2022-03-11 23:24:26,overcast clouds
570,Kusa,55.3383,59.4406,-5.57,99,19,3.36,RU,2022-03-11 23:24:26,few clouds
571,Moron,-34.6534,-58.6198,69.98,54,0,5.39,AR,2022-03-11 23:21:40,clear sky
572,Economy,40.6001,-80.2248,56.55,42,100,8.05,US,2022-03-11 23:24:27,overcast clouds
573,Baniyas,35.1819,35.9487,48.49,60,89,25.7,SY,2022-03-11 23:21:31,overcast clouds
574,College,64.8569,-147.8028,23.79,33,0,6.91,US,2022-03-11 23:24:27,clear sky
575,Polyarnyy,69.1989,33.4478,21.83,90,43,9.42,RU,2022-03-11 23:24:28,scattered clouds
576,Kourou,5.1552,-52.6478,81.1,91,100,6.98,GF,2022-03-11 23:24:28,overcast clouds
577,San Luis,-33.295,-66.3356,69.69,34,32,13.65,AR,2022-03-11 23:23:29,scattered clouds
578,Launceston,-41.45,147.1667,65.16,71,40,5.75,AU,2022-03-11 23:24:29,scattered clouds
579,Pacific Grove,36.6177,-121.9166,72.39,46,0,12.66,US,2022-03-11 23:24:29,clear sky
580,San Vicente,-26.6167,-54.1333,63.61,99,100,5.14,AR,2022-03-11 23:24:29,overcast clouds
581,Meulaboh,4.1363,96.1285,76.44,88,91,2.91,ID,2022-03-11 23:24:30,overcast clouds
582,Pochinki,54.6988,44.8668,-8.19,100,62,0.27,RU,2022-03-11 23:24:30,broken clouds
583,Wahpeton,46.2652,-96.6059,5.72,66,75,17.27,US,2022-03-11 23:24:31,broken clouds
584,Najran,17.4924,44.1277,68.65,54,31,5.84,SA,2022-03-11 23:24:31,scattered clouds
585,Xaghra,36.05,14.2644,49.82,76,28,9.93,MT,2022-03-11 23:24:32,scattered clouds
586,Road Town,18.4167,-64.6167,78.84,73,40,12.66,VG,2022-03-11 23:22:08,scattered clouds
587,Port Pirie,-33.1833,138.0167,71.69,27,0,5.5,AU,2022-03-11 23:24:32,clear sky
588,Puntilla Aldama,20.1833,-96.9167,82.42,65,37,6.38,MX,2022-03-11 23:24:33,scattered clouds
589,Coxim,-18.5067,-54.76,78.03,78,100,4.05,BR,2022-03-11 23:24:33,moderate rain
590,Santa Rosa,14.3122,121.1114,83.01,78,90,5.06,PH,2022-03-11 23:24:34,overcast clouds
591,Sioux Lookout,50.1001,-91.917,3.27,66,100,16.11,CA,2022-03-11 23:24:34,overcast clouds
592,Esna,25.2934,32.554,55.08,41,22,11.32,EG,2022-03-11 23:24:34,few clouds
593,Novyy Urgal,51.0736,132.5642,19.11,94,100,3.38,RU,2022-03-11 23:24:35,light snow
594,Sonipat,28.9833,77.0167,62.6,30,0,6.2,IN,2022-03-11 23:21:22,clear sky
595,Saint Anthony,45.0205,-93.218,12.15,55,20,20.71,US,2022-03-11 23:23:07,few clouds
596,Qingyuan,23.7,113.0333,64.38,71,22,2.44,CN,2022-03-11 23:24:36,few clouds
597,Kutum,14.2,24.6667,64.0,21,85,10.27,SD,2022-03-11 23:25:36,overcast clouds
598,Banda Aceh,5.5577,95.3222,78.01,83,88,6.13,ID,2022-03-11 23:25:37,overcast clouds
599,Pinos Puente,37.2511,-3.7497,50.29,94,75,9.22,ES,2022-03-11 23:25:37,broken clouds
600,Huntley,42.1681,-88.4281,26.28,47,100,7.0,US,2022-03-11 23:25:37,overcast clouds
601,Flinders,-34.5833,150.8552,67.28,90,96,7.0,AU,2022-03-11 23:25:38,light rain
602,Karema,-6.8205,30.4389,70.83,89,97,4.68,TZ,2022-03-11 23:25:38,overcast clouds
603,Sembe,1.6481,14.5806,70.79,98,98,2.19,CG,2022-03-11 23:25:39,overcast clouds
604,Ahipara,-35.1667,173.1667,73.29,60,19,3.58,NZ,2022-03-11 23:25:39,few clouds
605,Harrisonville,38.6533,-94.3488,32.4,54,0,10.36,US,2022-03-11 23:25:40,clear sky
606,Aykhal,66.0,111.5,-11.85,100,100,3.02,RU,2022-03-11 23:25:40,overcast clouds
607,Arman,59.7,150.1667,19.96,78,94,5.57,RU,2022-03-11 23:25:40,overcast clouds
608,Birganj,27.0104,84.8774,62.58,37,0,5.75,NP,2022-03-11 23:25:42,clear sky
609,Rosignol,6.2833,-57.5333,76.64,85,73,7.29,GY,2022-03-11 23:25:42,broken clouds
610,Egvekinot,66.3167,-179.1667,19.53,62,0,8.21,RU,2022-03-11 23:25:43,clear sky
611,Wanning,18.8003,110.3967,71.4,82,74,5.97,CN,2022-03-11 23:25:43,broken clouds
612,Auki,-8.7676,160.7034,82.96,76,84,4.45,SB,2022-03-11 23:25:43,broken clouds
613,Samdari,25.8167,72.5833,71.78,25,0,3.42,IN,2022-03-11 23:25:44,clear sky
614,Port Hueneme,34.1478,-119.1951,79.05,21,0,12.66,US,2022-03-11 23:25:44,clear sky
615,Bonavista,48.6499,-53.1147,30.24,65,99,19.24,CA,2022-03-11 23:25:44,overcast clouds
616,Alamogordo,32.8995,-105.9603,49.08,49,0,9.22,US,2022-03-11 23:25:10,clear sky
617,Point Pleasant,40.0832,-74.0682,48.54,80,0,8.05,US,2022-03-11 23:25:45,clear sky
618,Lovington,32.944,-103.3485,38.32,40,83,5.01,US,2022-03-11 23:25:45,broken clouds
619,Pangnirtung,66.1451,-65.7125,-18.4,76,0,2.3,CA,2022-03-11 23:25:46,clear sky
620,Riberalta,-10.9833,-66.1,80.8,83,100,0.0,BO,2022-03-11 23:25:46,overcast clouds
621,Verkh-Usugli,52.7,115.1667,11.03,89,100,3.83,RU,2022-03-11 23:25:47,overcast clouds
622,Mantua,45.1667,10.7833,43.84,74,85,1.99,IT,2022-03-11 23:22:22,overcast clouds
623,Nathdwara,24.9333,73.8167,65.93,28,0,2.3,IN,2022-03-11 23:25:47,clear sky
624,Bubaque,11.2833,-15.8333,75.63,72,8,12.28,GW,2022-03-11 23:25:48,clear sky
625,Portland,45.5234,-122.6762,62.67,37,75,6.91,US,2022-03-11 23:25:14,broken clouds
626,Kabansk,52.0486,106.6528,8.8,94,100,4.54,RU,2022-03-11 23:25:48,overcast clouds
627,Kortkeros,61.8106,51.5806,15.8,94,100,8.1,RU,2022-03-11 23:25:49,light snow
628,Aswan,24.0934,32.907,56.82,34,2,14.85,EG,2022-03-11 23:25:49,clear sky
629,Sigli,5.3848,95.9609,77.11,85,66,3.67,ID,2022-03-11 23:25:49,broken clouds
630,Tashla,51.7716,52.7427,12.96,92,97,9.37,RU,2022-03-11 23:25:50,overcast clouds
631,Angoche,-16.2325,39.9086,79.07,88,100,14.23,MZ,2022-03-11 23:25:51,moderate rain
632,San Quintin,30.4833,-115.95,64.89,42,69,7.94,MX,2022-03-11 23:22:54,broken clouds
633,Kerman,30.2832,57.0788,60.66,39,0,4.61,IR,2022-03-11 23:25:51,clear sky
634,Pokhara,28.2333,83.9833,62.67,28,0,6.64,NP,2022-03-11 23:25:51,clear sky
635,Atasu,48.6814,71.6433,24.96,96,87,7.18,KZ,2022-03-11 23:25:52,overcast clouds
636,Krasnoye-Na-Volge,57.5125,41.2419,16.9,96,99,3.4,RU,2022-03-11 23:25:52,overcast clouds
637,Brokopondo,4.75,-55.1667,76.57,89,51,10.29,SR,2022-03-11 23:25:53,broken clouds
638,Seinajoki,62.7945,22.8282,28.98,77,0,5.75,FI,2022-03-11 23:25:53,clear sky
639,Bria,6.5423,21.9863,73.24,71,100,5.21,CF,2022-03-11 23:25:54,overcast clouds
640,Trairi,-3.2778,-39.2689,75.61,90,100,4.74,BR,2022-03-11 23:21:43,overcast clouds
641,Jibuti,11.5,42.5,71.15,73,71,16.13,DJ,2022-03-11 23:25:54,broken clouds
642,Lang Son,21.8333,106.7333,66.52,90,100,2.35,VN,2022-03-11 23:25:55,overcast clouds
643,Dongsheng,39.8161,109.9776,39.02,52,94,8.84,CN,2022-03-11 23:24:23,overcast clouds
644,Coahuayana,18.7333,-103.6833,82.87,46,10,7.56,MX,2022-03-11 23:25:55,clear sky
645,Vera Cruz,-12.6333,-41.0333,71.78,81,96,1.45,BR,2022-03-11 23:26:56,overcast clouds
646,Sendafa,9.15,39.0333,53.87,60,45,1.66,ET,2022-03-11 23:26:56,scattered clouds
647,Cherskiy,68.75,161.3,0.63,76,2,1.7,RU,2022-03-11 23:26:57,clear sky
648,Bonaventure,48.0457,-65.4926,23.54,86,100,3.44,CA,2022-03-11 23:26:57,light snow
649,Kapuskasing,49.4169,-82.4331,21.29,49,100,13.8,CA,2022-03-11 23:26:57,overcast clouds
650,Bachaquero,9.9694,-71.1494,79.3,81,90,0.38,VE,2022-03-11 23:26:58,overcast clouds
651,Bom Jesus,-9.0744,-44.3586,77.58,73,100,1.36,BR,2022-03-11 23:26:58,overcast clouds
652,Fort Dodge,42.4975,-94.168,18.01,45,20,14.97,US,2022-03-11 23:26:59,few clouds
653,Sabang,5.8933,95.3214,82.11,74,81,6.69,ID,2022-03-11 23:26:59,broken clouds
654,Zhoucheng,35.9122,116.3117,52.61,67,82,5.55,CN,2022-03-11 23:27:00,broken clouds
655,Banyo,6.75,11.8167,72.23,62,90,2.33,CM,2022-03-11 23:27:00,overcast clouds
656,Dayong,25.0209,118.2898,63.43,76,0,1.16,CN,2022-03-11 23:27:01,clear sky
657,Berdigestyakh,62.0989,126.6992,-7.35,100,100,0.92,RU,2022-03-11 23:27:01,overcast clouds
658,Vagamo,61.8751,9.0967,20.68,91,77,4.27,NO,2022-03-11 23:22:13,broken clouds
659,Margate,51.3813,1.3862,49.3,80,89,8.01,GB,2022-03-11 23:27:02,overcast clouds
660,Samarai,-10.6167,150.6667,84.56,73,97,12.97,PG,2022-03-11 23:27:02,overcast clouds
661,Metro,-5.1131,105.3067,75.07,95,100,2.06,ID,2022-03-11 23:27:03,overcast clouds
662,Puteyets,65.1716,57.091,14.49,93,100,14.16,RU,2022-03-11 23:27:03,light snow
663,Giddalur,15.35,78.9167,72.14,45,0,2.75,IN,2022-03-11 23:27:04,clear sky
664,Leninskoye,41.7589,69.3864,50.31,92,100,5.88,KZ,2022-03-11 23:27:05,heavy intensity rain
665,Zlobin,45.2924,14.6541,29.5,39,0,5.75,HR,2022-03-11 23:27:06,clear sky
666,Frunze,48.6686,38.7544,15.76,84,92,10.85,UA,2022-03-11 23:27:06,overcast clouds
667,Kudahuvadhoo,2.6708,72.8944,82.33,71,6,8.05,MV,2022-03-11 23:27:07,clear sky
668,Plerin,48.5425,-2.7798,44.38,88,87,8.99,FR,2022-03-11 23:27:08,overcast clouds
669,Agaro,7.85,36.65,66.97,54,93,2.19,ET,2022-03-11 23:27:09,overcast clouds
670,Nabire,-3.3667,135.4833,79.65,77,99,2.35,ID,2022-03-11 23:25:06,overcast clouds
671,Msowero,-6.5333,37.2,69.3,96,64,1.32,TZ,2022-03-11 23:27:10,broken clouds
672,Aflao,6.116,1.1914,84.33,84,20,10.36,TG,2022-03-11 23:27:10,few clouds
673,Taksimo,56.3444,114.8794,-12.03,94,90,1.68,RU,2022-03-11 23:23:14,overcast clouds
674,Synya,65.3718,58.0387,12.16,91,100,14.36,RU,2022-03-11 23:27:11,light snow
675,Bonthe,7.5264,-12.505,77.5,86,94,6.51,SL,2022-03-11 23:27:11,overcast clouds
676,Quelimane,-17.8786,36.8883,79.21,78,99,7.61,MZ,2022-03-11 23:27:12,overcast clouds
677,Plettenberg Bay,-34.0527,23.3716,70.99,93,100,1.32,ZA,2022-03-11 23:27:12,light rain
678,Pital,2.2665,-75.8044,73.71,82,67,3.38,CO,2022-03-11 23:27:13,light rain
679,San Andres,12.5847,-81.7006,82.42,74,20,9.22,CO,2022-03-11 23:27:13,few clouds
680,Kristiansund,63.1115,7.732,47.05,31,0,8.05,NO,2022-03-11 23:27:14,clear sky
681,Kinkala,-4.3614,14.7644,72.23,93,100,3.2,CG,2022-03-11 23:27:14,overcast clouds
682,Pierre,44.3683,-100.351,18.86,35,0,14.97,US,2022-03-11 23:25:27,clear sky
683,Lazarev,52.225,141.5131,12.74,92,100,13.42,RU,2022-03-11 23:27:15,overcast clouds
684,Zaykovo,57.5613,62.7568,-16.38,100,85,1.88,RU,2022-03-11 23:27:16,overcast clouds
685,Dudinka,69.4058,86.1778,-24.59,100,87,7.7,RU,2022-03-11 23:27:16,overcast clouds
686,Waipawa,-41.4122,175.5153,68.59,69,81,10.85,NZ,2022-03-11 23:27:16,broken clouds
687,Mikkeli,61.6886,27.2723,28.51,93,0,4.61,FI,2022-03-11 23:27:17,clear sky
688,Port-Gentil,-0.7193,8.7815,82.18,81,100,13.76,GA,2022-03-11 23:27:19,overcast clouds
689,Laredo,27.5064,-99.5075,59.25,41,100,25.32,US,2022-03-11 23:28:19,dust
690,Lufkin,31.3382,-94.7291,47.48,67,100,19.57,US,2022-03-11 23:28:20,overcast clouds
691,Qeshm,26.9581,56.2719,75.09,82,58,8.95,IR,2022-03-11 23:28:20,broken clouds
692,Cortez,37.3489,-108.5859,39.96,31,0,12.66,US,2022-03-11 23:28:21,clear sky
693,Wanaka,-44.7,169.15,66.11,49,66,1.99,NZ,2022-03-11 23:28:21,broken clouds
694,Lakatoro,-16.0999,167.4164,83.89,68,43,4.07,VU,2022-03-11 23:28:22,scattered clouds
695,Cap Malheureux,-19.9842,57.6142,77.47,88,19,1.99,MU,2022-03-11 23:28:22,few clouds
696,Taoudenni,22.6783,-3.9836,70.92,13,0,11.5,ML,2022-03-11 23:28:23,clear sky
697,Ternate,0.8,127.4,81.59,80,99,4.59,ID,2022-03-11 23:27:53,overcast clouds
698,Isabela,6.7085,121.9711,78.85,86,62,1.39,PH,2022-03-11 23:28:24,broken clouds
699,Conde,-7.2597,-34.9075,80.06,78,20,6.91,BR,2022-03-11 23:28:24,few clouds
700,Komsomolskiy,40.4272,71.7189,50.72,87,75,2.3,UZ,2022-03-11 23:28:25,mist
701,Tambo,-14.8,-73.9167,38.64,97,99,9.66,PE,2022-03-11 23:28:25,moderate rain
702,Abha,18.2164,42.5053,58.82,82,0,8.05,SA,2022-03-11 23:24:35,clear sky
703,Parabel,58.6978,81.4825,-21.3,100,52,4.14,RU,2022-03-11 23:28:26,broken clouds
704,Staryy Nadym,65.6118,72.6842,-6.18,97,96,10.42,RU,2022-03-11 23:28:26,overcast clouds
705,Ferme-Neuve,46.7001,-75.4493,25.57,98,100,1.99,CA,2022-03-11 23:28:27,light snow
706,Piacabucu,-10.4056,-36.4344,78.69,77,41,5.84,BR,2022-03-11 23:28:27,scattered clouds
707,Honiara,-9.4333,159.95,82.36,78,95,2.37,SB,2022-03-11 23:23:42,overcast clouds
708,Mazarron,37.5992,-1.3149,57.43,79,100,8.03,ES,2022-03-11 23:28:28,overcast clouds
709,Mahanoro,-19.9,48.8,75.16,90,98,3.18,MG,2022-03-11 23:28:28,light rain
710,Qostanay,53.1667,63.5833,3.49,78,0,13.42,KZ,2022-03-11 23:28:28,clear sky
